Provider,Actual_Label,Predicted_Probability
PRV54935,0,0.10173955296134199
PRV53306,0,0.09800646133289408
PRV53564,0,0.09237086286830534
PRV55762,0,0.09194180592238191
PRV54953,0,0.0998225569806357
PRV52778,0,0.09153981239684292
PRV57492,0,0.904303490608036
PRV55219,0,0.10566625429091335
PRV55791,0,0.665149142455389
PRV55291,0,0.09237415619750845
PRV57369,0,0.39055611130174633
PRV53664,0,0.13582042032484534
PRV55397,0,0.09256845838534462
PRV53279,0,0.09634614603761503
PRV55614,0,0.1151187220092699
PRV51007,0,0.1438919109886284
PRV51553,0,0.15259386913661743
PRV57732,0,0.1898776374033365
PRV51533,0,0.30733994242507623
PRV52691,0,0.11706271403329278
PRV55396,0,0.3081022657731965
PRV52690,1,0.24894512178306905
PRV53631,0,0.091770922520454
PRV57339,0,0.7244446860268936
PRV55325,0,0.09859188026267532
PRV57056,0,0.0948680961511065
PRV55395,0,0.09260851322089164
PRV54582,0,0.10316277622184988
PRV53686,0,0.13478649266317183
PRV57142,0,0.09347554743609353
PRV52179,0,0.16183500115707836
PRV57755,0,0.21081885579738224
PRV55925,0,0.18758374247585555
PRV51826,1,0.9434251549418537
PRV51560,1,0.9649819951192511
PRV54543,1,0.18604910041453582
PRV54906,0,0.6978734431664513
PRV55880,0,0.09554879938225674
PRV56525,0,0.1026958713669616
PRV53409,0,0.11325862777176343
PRV57691,0,0.10841701499472169
PRV55143,0,0.12330391597520722
PRV51114,0,0.18150369181001766
PRV51973,0,0.10549348370505164
PRV54588,0,0.10307215523183533
PRV52786,0,0.09122493656404113
PRV56245,0,0.11461415474337558
PRV54184,0,0.0953496600351599
PRV55695,0,0.13766265994781457
PRV55156,0,0.1019069514551975
PRV56837,0,0.10086524211736929
PRV57581,0,0.09145031192015232
PRV51345,0,0.09686535683008303
PRV54026,0,0.09311655433097056
PRV52797,0,0.0943513900240803
PRV53303,0,0.13371681715055866
PRV56306,0,0.09615981568579356
PRV53015,0,0.09219954129994914
PRV55586,0,0.25032277279068116
PRV57187,0,0.10072820039332214
PRV52526,0,0.09239049229944163
PRV51656,0,0.09437064284055535
PRV54441,0,0.09182782041572561
PRV57257,0,0.09651897994043138
PRV55865,0,0.216040725368678
PRV53635,0,0.2410976951963528
PRV53476,0,0.09580374904618265
PRV51153,0,0.13599601243588638
PRV56368,0,0.09476186794322035
PRV54604,0,0.10324651971027562
PRV52449,0,0.8711041711426509
PRV55126,0,0.11877527743955925
PRV57693,0,0.10559109164105947
PRV54246,0,0.12457764081449481
PRV56049,0,0.18755265061337623
PRV53141,0,0.9477996113879541
PRV54273,0,0.15784342168132912
PRV54868,0,0.10056536801770691
PRV52556,0,0.9486786287765361
PRV57005,0,0.09131141447572881
PRV54078,0,0.9229862212467342
PRV57468,0,0.09310913521743218
PRV52640,0,0.09670223793720843
PRV52832,0,0.09574680258000405
PRV53029,0,0.12499251588839787
PRV54673,0,0.12096538838182543
PRV56341,0,0.10759063397115003
PRV56791,0,0.1423147198300545
PRV55837,0,0.6330793581195135
PRV51875,0,0.09387029681727482
PRV55134,0,0.1133066995207791
PRV57208,0,0.9188773064858167
PRV56017,0,0.9119816512460557
PRV57248,0,0.09117384675988295
PRV51642,0,0.09836133199570106
PRV51408,0,0.09152868856742746
PRV52298,0,0.5732095650961001
PRV57717,0,0.8129497857895924
PRV54929,1,0.8718206275066723
PRV57000,0,0.10058521987822222
PRV57078,0,0.3230125928479427
PRV53127,0,0.10631470081005798
PRV51273,0,0.3218628338644422
PRV56880,0,0.09216990644913006
PRV52662,0,0.09458941229613971
PRV52286,0,0.1584698892884375
PRV52978,0,0.1810437109437595
PRV57500,0,0.0974796622986162
PRV53926,0,0.09497576944138607
PRV55573,0,0.14689306352051426
PRV51068,0,0.3991671862347876
PRV56486,0,0.12291238085639868
PRV56568,0,0.22244179477508003
PRV57436,0,0.0956884372036666
PRV53912,0,0.0947485096953902
PRV55343,0,0.1008839648134276
PRV57572,0,0.13351843336045535
PRV54598,0,0.09295013410555578
PRV55242,0,0.15674441831526267
PRV55377,0,0.0946810851037342
PRV52950,0,0.13569252373756316
PRV54491,0,0.09483506848785914
PRV55721,0,0.09168386118673709
PRV57531,0,0.09913858673374282
PRV53524,0,0.10452306690357865
PRV53974,0,0.09584725200514504
PRV54952,1,0.8825207380239367
PRV56796,0,0.12401160021786338
PRV55233,0,0.14850642196085848
PRV55286,0,0.09223116653812558
PRV53801,0,0.09966178033901027
PRV56597,0,0.1994093461395651
PRV55667,1,0.9367060447331308
PRV55439,0,0.13566125361905437
PRV54203,0,0.09796559794100146
PRV54436,0,0.09154372879473185
PRV52579,0,0.09166872079057183
PRV52510,0,0.0942003811901114
PRV52189,0,0.09290891845518023
PRV55859,0,0.09288200731382282
PRV54855,0,0.13737671518067632
PRV55842,1,0.17385652684395222
PRV56587,1,0.9360878920906535
PRV52504,1,0.5363393124906204
PRV51930,0,0.09240682298101162
PRV57516,0,0.09388525557145914
PRV53005,1,0.8483232025762908
PRV57743,0,0.09318198020248275
PRV51428,0,0.12368186241806252
PRV55459,0,0.18456875276931198
PRV56716,0,0.14134456282938423
PRV54326,0,0.12041262381585575
PRV51937,0,0.10352175709481337
PRV55907,0,0.9315914289876815
PRV52503,0,0.12924749602749885
PRV54459,0,0.09245190372961629
PRV56783,0,0.09724279599094247
PRV55388,0,0.4829357260145524
PRV54923,0,0.09920973598008954
PRV56613,0,0.2039196758029887
PRV51523,0,0.9584024526758583
PRV54162,0,0.0936457749629208
PRV55032,0,0.10242041878378096
PRV53862,0,0.12442094327015463
PRV56342,0,0.10798741218574884
PRV52543,0,0.11794376169197462
PRV51403,0,0.92724434436164
PRV54537,0,0.12313216128668938
PRV53346,0,0.09129391380302213
PRV53568,0,0.09292526032590753
PRV52846,1,0.9655691278281301
PRV56005,0,0.11266964710254694
PRV55783,0,0.10715783552406456
PRV54164,0,0.09233390543728527
PRV52940,0,0.0939114236994287
PRV55164,0,0.8243646889760016
PRV54865,0,0.09124866985257385
PRV54131,0,0.09289709026180173
PRV55769,0,0.11041699423393385
PRV53295,1,0.946047456774225
PRV56743,0,0.15696893883040652
PRV52319,0,0.09772467109565877
PRV54061,0,0.19223328692698363
PRV55418,0,0.12680005868372163
PRV53161,0,0.09310659182269712
PRV52405,0,0.9085676290220135
PRV55304,0,0.21689005595160699
PRV57188,0,0.11797457672996485
PRV51026,0,0.09586944587471255
PRV54081,0,0.3383450799578409
PRV52958,0,0.09394922133840664
PRV51231,0,0.09915808668427016
PRV56287,0,0.108990906805359
PRV53268,0,0.24291926027880764
PRV56700,0,0.09177341394787757
PRV53436,0,0.09800479297409209
PRV54704,0,0.12794768896873177
PRV53171,0,0.09619692571826022
PRV51984,0,0.38737348476634426
PRV56238,0,0.16502208043348213
PRV51941,0,0.09937333771593691
PRV54541,0,0.09240078490600495
PRV53973,0,0.12388913981535461
PRV51731,0,0.0981464051725322
PRV55026,0,0.11581025942145248
PRV51711,0,0.09311756353550593
PRV57036,0,0.10442794040464379
PRV54149,1,0.10807524436073433
PRV52152,0,0.9175322474701835
PRV52880,0,0.10637141788347002
PRV51443,0,0.10527711270090993
PRV57450,0,0.09605573605359008
PRV55505,0,0.2558002827452244
PRV51849,0,0.11751284428536624
PRV53048,0,0.09191159027374592
PRV57241,0,0.09947471618225769
PRV57543,1,0.9118518063392023
PRV53782,0,0.09676770008212297
PRV55642,0,0.09312720159539477
PRV51399,1,0.9628938312192394
PRV57393,0,0.09396418989279973
PRV55430,1,0.31763131265787625
PRV53831,0,0.09797832157388554
PRV55353,0,0.09171120615489471
PRV54308,0,0.09447030932440316
PRV55259,0,0.09835500268172975
PRV55729,0,0.1090665242160731
PRV56344,0,0.09358191311051514
PRV52225,0,0.09195445144049194
PRV56934,0,0.09090235609358646
PRV56397,0,0.10263861010509388
PRV57464,0,0.09434344521037427
PRV53785,0,0.10499484280379247
PRV51271,0,0.1386931568991132
PRV56780,0,0.09120063127790475
PRV51632,0,0.10299229873148506
PRV53868,0,0.7549491225945598
PRV55356,0,0.09556057648673254
PRV53121,1,0.9553508222840483
PRV52235,0,0.0922705487690207
PRV53634,0,0.19071847433238645
PRV54711,0,0.09304465505283449
PRV51232,0,0.10423512602086155
PRV57411,0,0.0988508050474965
PRV54400,0,0.10491360311801128
PRV57738,0,0.09243715796695598
PRV52131,0,0.9403163042039077
PRV57002,0,0.10360252946560691
PRV57015,0,0.10756162821682493
PRV56908,0,0.09170793592352325
PRV55106,0,0.09232585372280981
PRV52681,0,0.09155367191757362
PRV57422,0,0.12180465583245001
PRV54393,0,0.1821828994415822
PRV53253,0,0.10404714242949949
PRV53449,0,0.11025825291530852
PRV54539,0,0.10014280143069923
PRV54224,0,0.09656199529548712
PRV51306,0,0.09352586369471269
PRV56879,0,0.09471336353524178
PRV54786,1,0.94957090658232
PRV56881,0,0.10408059506085211
PRV56761,0,0.9582519735228614
PRV51758,0,0.09168321285381163
PRV55780,0,0.7682860692721547
PRV52024,0,0.09303822076199918
PRV51440,0,0.5402453981101087
PRV51103,1,0.09267719743600607
PRV54963,0,0.09686478268418246
PRV52332,0,0.09889058914483084
PRV52038,0,0.7807531146623533
PRV55523,0,0.22679832250191315
PRV52232,0,0.09132209880433019
PRV57347,0,0.2829472622268903
PRV53176,0,0.09252882442107237
PRV56538,0,0.09387587722777052
PRV56461,0,0.3874365850807597
PRV56969,0,0.09790878040895566
PRV51441,0,0.09518523643438116
PRV56527,0,0.10755699581577918
PRV53509,0,0.10765307917350024
PRV56635,0,0.09326646085246894
PRV56897,0,0.15224905542993314
PRV53840,0,0.09264081128985861
PRV56253,1,0.956847375066502
PRV53226,0,0.42673994306478885
PRV54266,0,0.9491154535737907
PRV56290,0,0.10357754394635542
PRV56031,0,0.2008269077032526
PRV55566,0,0.10073384049525837
PRV55425,0,0.09355180480384134
PRV53662,0,0.19201360062434994
PRV52623,0,0.7340318970386247
PRV54181,0,0.09209473842687385
PRV53498,0,0.09247560707350512
PRV57283,0,0.09363756073304141
PRV51048,0,0.12678521785056354
PRV51330,0,0.10186038901379357
PRV51280,0,0.1005853994502568
PRV54674,0,0.136969294946629
PRV54568,0,0.16136074979441065
PRV55590,0,0.09203975763253353
PRV53085,0,0.09148495543250955
PRV53103,0,0.2562550597627926
PRV53383,0,0.1317991981079244
PRV57303,0,0.48822450878119816
PRV57091,0,0.14311321560777512
PRV54625,0,0.09564450233799704
PRV51770,0,0.09299743651782919
PRV56389,0,0.09217914855464096
PRV57507,0,0.10044527164121148
PRV52380,0,0.09138933641814963
PRV51959,0,0.5202015219172172
PRV55205,0,0.9588678767325975
PRV54335,0,0.8277194237664829
PRV54934,0,0.7666984681895271
PRV55692,0,0.19030006377195433
PRV52869,0,0.17674102530291175
PRV51505,0,0.09302664394991454
PRV52826,1,0.36113893637378447
PRV53357,0,0.09150384906627104
PRV51970,0,0.10648398768751795
PRV51472,0,0.09221561589888526
PRV53463,0,0.13562562943225417
PRV57617,0,0.0938380578302092
PRV53827,0,0.09431018027017175
PRV54219,0,0.1055877872836161
PRV51932,0,0.12845995366822127
PRV57033,0,0.945668216306639
PRV56524,0,0.09240492559094864
PRV56468,0,0.17915300557629799
PRV52708,0,0.1261070688802064
PRV54102,0,0.7903524726115693
PRV53478,0,0.13585496352592388
PRV53062,0,0.09151281247645554
PRV56293,0,0.09140973683701785
PRV53216,0,0.11318929165970017
PRV53042,0,0.09601297211107214
PRV51949,0,0.9368825200199095
PRV57179,1,0.9353890203566034
PRV55062,0,0.11505925388103577
PRV57054,0,0.0944747333501079
PRV52396,1,0.7580055701106806
PRV53851,0,0.09662996858424759
PRV52823,0,0.19978814631680547
PRV53431,0,0.21727418759916006
PRV56759,0,0.10417773741418943
PRV53633,0,0.09693573568465731
PRV54642,0,0.09683326711057903
PRV56803,0,0.8846650292035859
PRV55076,0,0.09137238865834821
PRV53510,0,0.20099107517334985
PRV55619,0,0.09219831341754625
PRV53019,0,0.09346542792415159
PRV55633,0,0.24184645805304975
PRV56469,0,0.952745783237115
PRV56281,0,0.12104762611864688
PRV57252,0,0.09695845786919319
PRV56482,0,0.09947396374609777
PRV54528,0,0.09552194747682002
PRV52607,0,0.09291959419839951
PRV55049,1,0.9586422886617324
PRV52508,0,0.10401055363391824
PRV56228,0,0.12940321823553377
PRV55930,0,0.13757769089591845
PRV54392,0,0.09448104477955856
PRV57250,0,0.10617639174219916
PRV52744,0,0.09545048686964273
PRV55050,0,0.1455262250652424
PRV52101,0,0.0944335147982952
PRV52472,0,0.6056112946508235
PRV57546,0,0.09429124216936871
PRV57588,0,0.09180978533022452
PRV54678,0,0.09461940457682212
PRV54753,0,0.09340782223990068
PRV55868,0,0.10797268621350556
PRV51622,0,0.2799543165739618
PRV51070,0,0.4369985584589583
PRV51360,0,0.1457047598468481
PRV54787,0,0.9293151605666045
PRV55986,0,0.10735451431486136
PRV57390,0,0.10447547310259153
PRV51759,0,0.0919695557117698
PRV52807,0,0.10208910683852897
PRV52009,0,0.10150004274027571
PRV51035,0,0.11831242145538598
PRV55743,0,0.13697144197008848
PRV57200,0,0.10414924503027137
PRV52276,0,0.10046669163597209
PRV56603,0,0.09228399901163081
PRV51391,0,0.4569423809497487
PRV56628,0,0.6143187235920472
PRV57517,0,0.09833889193326253
PRV53504,0,0.09134060406503704
PRV53581,0,0.09559513742607641
PRV55098,0,0.10010710534137224
PRV53188,0,0.0934357997863286
PRV53621,0,0.1017714398812979
PRV51943,0,0.10961676626727813
PRV57675,0,0.09228205443519087
PRV54943,0,0.09868116423533625
PRV52527,0,0.14561404434479858
PRV56396,1,0.9123979696934117
PRV55067,0,0.11496875905729055
PRV51219,0,0.09338239560377125
PRV52913,0,0.09715640166493132
PRV57367,0,0.09460822646070627
PRV52350,0,0.13843222965167132
PRV55344,0,0.09701173567016004
PRV53381,0,0.8831805639206693
PRV53916,0,0.14564967136232418
PRV56297,0,0.10852103553417201
PRV56870,0,0.33238970165771753
PRV55431,0,0.14876201924917026
PRV52917,0,0.09940751272132715
PRV51416,0,0.11661537713764185
PRV55736,0,0.8112390607928294
PRV56708,0,0.09219291365828115
PRV53845,0,0.10566944572407465
PRV53054,0,0.11200564386123049
PRV57462,0,0.09400673564825633
PRV54011,0,0.09147592026141435
PRV56608,1,0.6756018166283274
PRV55531,1,0.9569327733092824
PRV52208,0,0.0931441029898908
PRV53817,0,0.11659451796015435
PRV57344,1,0.9540258673476555
PRV57256,0,0.09231521263966064
PRV56333,0,0.10297398815508998
PRV51061,0,0.16655527230654416
PRV51872,0,0.096138154395614
PRV52743,0,0.09313887783104369
PRV55909,0,0.09684321641029575
PRV53210,0,0.10594906882533599
PRV55812,1,0.6197231006399399
PRV56390,0,0.1734880093347233
PRV57308,0,0.09208796418422893
PRV55520,0,0.19256379358812975
PRV52982,1,0.9057210897546977
PRV54204,0,0.2777332229455682
PRV55236,0,0.9297619699976253
PRV54689,0,0.09403140324525511
PRV52422,0,0.12426896253552408
PRV55181,0,0.9234414918455512
PRV51842,1,0.9635916555173564
PRV56105,0,0.9174695612515402
PRV57515,0,0.6944228958610471
PRV53208,1,0.17481604812001098
PRV51240,0,0.2864980581539711
PRV57682,0,0.09314452162015974
PRV55972,0,0.3327862540756531
PRV51629,0,0.903950595502622
PRV55378,0,0.5796002547997948
PRV56702,0,0.12659604981164643
PRV51568,0,0.3873167825218378
PRV54618,0,0.09825368357341957
PRV55917,0,0.0950254166814199
PRV52389,0,0.10807635140784623
PRV54133,0,0.09500037128180781
PRV51862,0,0.18397626891948954
PRV53480,0,0.0939160337898664
PRV57641,0,0.12285593085014983
PRV51936,0,0.09367056217983902
PRV56282,0,0.09291397653004108
PRV51173,1,0.33632684425758025
PRV52835,0,0.3770513054820402
PRV52910,0,0.8118406617252664
PRV51905,0,0.20406475590583859
PRV56522,0,0.09170616876243877
PRV52872,0,0.10520152593608488
PRV54099,0,0.6936339968395843
PRV55141,0,0.09170570328231133
PRV55151,0,0.0945124949323381
PRV54585,0,0.10530300031106493
PRV57725,0,0.09227616855888099
PRV53601,0,0.09245565204263746
PRV55416,0,0.10477075781897412
PRV52087,0,0.10373461419644374
PRV55741,0,0.09260947169754
PRV56140,0,0.5614852000322292
PRV55748,0,0.09366889664330567
PRV53335,0,0.28249650128197007
PRV57177,1,0.9608437107257852
PRV55268,0,0.09963840011097756
PRV51527,0,0.10314595109908455
PRV51687,0,0.10901911154556804
PRV52751,0,0.09194166318860107
PRV52849,0,0.1087834807570411
PRV53924,0,0.09345615393563321
PRV54970,0,0.48313652548458313
PRV52539,0,0.09307016880248183
PRV56068,0,0.10230291155242162
PRV53986,0,0.26692198925277827
PRV55981,0,0.27633533971407204
PRV56311,0,0.09602841812758924
PRV53309,0,0.22182488425887653
PRV52386,0,0.12492179810975435
PRV55737,0,0.9207634269872689
PRV51313,0,0.09472833313957373
PRV53353,0,0.10025248456890117
PRV56025,0,0.10164637632504005
PRV57192,0,0.6767380335035175
PRV56991,0,0.09253744100681474
PRV53820,0,0.09260238658493962
PRV51401,1,0.33734428861027055
PRV57190,0,0.09654669969241411
PRV57401,0,0.16577984425161085
PRV57181,0,0.1101958105441669
PRV56529,0,0.098554133951508
PRV56189,0,0.09126896114883583
PRV53343,0,0.09206777630904228
PRV54675,1,0.8602106882637625
PRV52957,0,0.09377912695981383
PRV56113,0,0.09814662336378194
PRV55579,0,0.1282651575225546
PRV54058,0,0.7546895859866349
PRV56295,0,0.09124066510201241
PRV56108,0,0.09629810612750105
PRV54997,0,0.13809135333124528
PRV53949,0,0.09274241585757681
PRV55409,0,0.0921507567942841
PRV56869,0,0.125177292431935
PRV57529,0,0.11812287546823147
PRV52075,0,0.09123681718963793
PRV57025,1,0.6889109845442385
PRV56278,0,0.11251001978849079
PRV56219,0,0.8791517948946201
PRV55264,0,0.52279978406541
PRV56425,1,0.8446623725267771
PRV51244,1,0.9655959058246153
PRV56823,0,0.09453600788010286
PRV53752,0,0.09422851157526378
PRV55068,0,0.09246367629797776
PRV53153,0,0.6666708927952332
PRV57154,0,0.09423988485811546
PRV53162,0,0.09142205951589145
PRV57132,0,0.09388771997116378
PRV51827,0,0.6334467518418575
PRV55064,0,0.48499784077239927
PRV54931,1,0.9144997478531265
PRV52293,0,0.09265348407055254
PRV56649,1,0.916627575324151
PRV52105,0,0.0957753392821943
PRV54295,0,0.09789810946948131
PRV57093,0,0.11812124970916403
PRV55468,0,0.09441997117508495
PRV53561,0,0.0967706907814207
PRV56018,0,0.9278546068497434
PRV54212,0,0.09690131203119723
PRV56479,0,0.10247393146114263
PRV55943,0,0.9252144520631331
PRV54696,0,0.6693518514125549
PRV56618,0,0.13303674499452858
PRV54548,0,0.09154598693634604
PRV57014,0,0.11106394330786598
PRV52660,0,0.4661223249644777
PRV55555,0,0.31237174797555634
PRV53419,0,0.13783710749485087
PRV53641,0,0.09150914161723929
PRV51841,0,0.7266885737692355
PRV54649,1,0.9422332109601965
PRV56385,0,0.09477397929522867
PRV55323,0,0.13248028591377078
PRV55731,0,0.11084889043384134
PRV56329,0,0.8262864149648066
PRV52626,0,0.09269544023709318
PRV52170,0,0.1653702132950701
PRV57348,0,0.6491136944595607
PRV56624,1,0.8918674900664819
PRV55471,0,0.09117835163445347
PRV57151,0,0.8212450621489652
PRV55755,0,0.705798158657713
PRV51454,0,0.09465086758410561
PRV51156,0,0.29712950865266125
PRV51078,0,0.17728996355828344
PRV52785,0,0.09791348008921248
PRV53107,0,0.5162873294333737
PRV52686,0,0.09454360543226528
PRV54244,0,0.9526879432237888
PRV54408,0,0.29851545321322315
PRV54895,1,0.9642134643301613
PRV55387,0,0.18170834855486884
PRV52647,0,0.14213126343274504
PRV54223,0,0.10427380634967233
PRV52351,0,0.16086155697569954
PRV57728,0,0.0927760670781672
PRV56854,0,0.09276335844917262
PRV51155,0,0.10197926246091558
PRV57185,1,0.8533445454456273
PRV51666,0,0.091949063391516
PRV52303,0,0.9055399701863227
PRV57223,1,0.929696569925063
PRV55820,0,0.5433750737352343
PRV55919,0,0.09953177668357473
PRV56367,0,0.09984706241977005
PRV53447,0,0.09303361714132395
PRV55086,0,0.10962660778930998
PRV54944,0,0.10306776921516547
PRV51605,0,0.14300521642695885
PRV53304,0,0.1143254817956082
PRV53043,0,0.13505287916256503
PRV52848,0,0.09331099929538862
PRV51108,0,0.5255939730697405
PRV51233,0,0.10034812085672867
PRV56703,0,0.7115444880422015
PRV53708,0,0.09649921434764454
PRV52694,0,0.09112795424015166
PRV54739,1,0.9584375519802584
PRV57288,0,0.12283153717652111
PRV56732,1,0.7963673412964829
PRV55480,0,0.09455602294522751
PRV51047,0,0.09338116627927447
PRV56270,0,0.699303826957734
PRV53937,1,0.9152801701136765
PRV56467,0,0.19585370380507602
PRV56047,0,0.09259703396527794
PRV55664,0,0.9192931123662683
PRV56853,0,0.09379619974777223
PRV54389,0,0.0998053564420494
PRV54455,0,0.09180210968649061
PRV51328,0,0.09316993359452455
PRV56951,0,0.09512487421781016
PRV56004,0,0.09288074054299326
PRV51456,0,0.9637715824989378
PRV52098,0,0.22366015209340656
PRV54425,0,0.515191209864435
PRV52605,0,0.8584723064948576
PRV51592,0,0.09236218009574089
PRV51550,0,0.7412663952322721
PRV51422,0,0.15591246894744765
PRV51282,0,0.1813683015814953
PRV54743,1,0.22195370383381746
PRV53047,0,0.11353236275955372
PRV57551,0,0.10673958795884995
PRV56622,0,0.09855440184198665
PRV53254,0,0.09355940640935036
PRV56819,0,0.9147295514211445
PRV52407,0,0.10404431868614365
PRV54606,0,0.09223780897653068
PRV54567,0,0.6883880361111286
PRV54658,0,0.6201291453321627
PRV56222,0,0.11107207334891103
PRV51312,0,0.16328787989282198
PRV54313,0,0.09757701762669811
PRV51978,0,0.11837497459006839
PRV55213,0,0.4808497162181931
PRV57714,0,0.09230102931460145
PRV56746,0,0.5702039838080152
PRV51117,0,0.09295046622829757
PRV52924,0,0.10287430643336205
PRV57280,0,0.0915829142266732
PRV51327,0,0.09647553594831268
PRV51277,0,0.6624394460427099
PRV57149,0,0.09868819807805927
PRV52310,0,0.8225267186149274
PRV54614,0,0.0928516358707982
PRV55297,0,0.1107945220937331
PRV56562,0,0.13311015249361663
PRV56938,0,0.09215269303987399
PRV51322,0,0.09349334070321177
PRV53235,0,0.09244850767442464
PRV54353,0,0.09419638888243227
PRV56754,0,0.17781558975935197
PRV57626,0,0.09165186908828592
PRV52133,0,0.25470534815683543
PRV53412,0,0.09533901469700086
PRV53222,0,0.10570308254107245
PRV57020,0,0.15345823899794617
PRV57386,0,0.09297366051847099
PRV51532,0,0.2424153048912076
PRV56510,0,0.09149027175900343
PRV56391,0,0.09089404394887704
PRV51634,0,0.15059067425767717
PRV51836,1,0.946311483415968
PRV55333,0,0.11381301299006776
PRV55103,0,0.09881602610921414
PRV51818,1,0.8666425517098841
PRV51845,0,0.36388624030178923
PRV51671,0,0.09964228827591146
PRV57667,1,0.14449999923083717
PRV54311,0,0.09239099892042936
PRV52696,0,0.3072490025798562
PRV55527,0,0.09123172372168907
PRV57504,0,0.09823736294066875
PRV55739,0,0.8405817992819753
PRV57398,0,0.11403849604162225
PRV52540,0,0.09173198129840772
PRV55778,0,0.09241180245101832
PRV57137,0,0.09560537877247471
PRV56353,0,0.10486161529331212
PRV57313,0,0.3566059471252145
PRV51888,0,0.09193316162731538
PRV54646,0,0.09779457701171637
PRV53906,0,0.09167726612006226
PRV52755,0,0.09637420023022521
PRV51676,0,0.23585508346732226
PRV56373,0,0.09367434509657811
PRV52769,0,0.09314106379887728
PRV51614,1,0.9657465717600344
PRV56393,0,0.09577458107813522
PRV52547,0,0.09196891671677918
PRV54995,0,0.09318655743373025
PRV54299,0,0.0914272883656712
PRV56543,0,0.09386472739295378
PRV55224,0,0.09327363517337922
PRV54443,0,0.10835444263559109
PRV52222,0,0.09953290951010005
PRV52144,0,0.16308937004518617
PRV57276,0,0.09213154233528015
PRV55080,0,0.09219199705469538
PRV57124,0,0.35704044044099975
PRV55368,0,0.10239224380562938
PRV53439,0,0.09220837237068871
PRV51779,0,0.09779444378792194
PRV51743,0,0.10195111546361572
PRV51426,1,0.822874806101266
PRV51111,0,0.2144521242709525
PRV54309,0,0.1041627395079708
PRV56444,1,0.9515999723528467
PRV54175,0,0.09600782111583595
PRV53076,0,0.12592325003735988
PRV53681,0,0.09776646766020293
PRV55379,0,0.10370673406508184
PRV54545,0,0.09332894491998481
PRV52186,0,0.1009693875605909
PRV53174,0,0.09220589102045679
PRV51769,0,0.09272397279339269
PRV52410,0,0.103299513283752
PRV52088,0,0.10181937872107985
PRV56322,0,0.10513110957323733
PRV54186,0,0.09375737689930531
PRV52824,0,0.09759887464828304
PRV54059,0,0.8236614626070866
PRV56455,0,0.09191519422962721
PRV54765,1,0.9655857844158644
PRV51369,1,0.9642075176092532
PRV51394,0,0.09122848644162859
PRV55182,0,0.09530848037285737
PRV55940,0,0.10014431042579248
PRV56266,0,0.09337256487430147
PRV53578,0,0.09324176965589055
PRV56473,0,0.1395120495910046
PRV54909,0,0.24004632161774195
PRV57550,0,0.09368647376977594
PRV54110,0,0.09169576884895601
PRV53612,0,0.11694697363062614
PRV54378,0,0.8334598730559587
PRV51376,0,0.1039961375415634
PRV56858,0,0.09725287237506584
PRV51885,0,0.09907447394931775
PRV56214,0,0.0913950025207881
PRV51583,0,0.10451132881680501
PRV52822,0,0.12761280539369915
PRV51067,1,0.9346391795938459
PRV56840,0,0.11971041013593835
PRV53709,0,0.10505294972550669
PRV57396,0,0.09153974190082832
PRV51005,1,0.9195046669433667
PRV51251,0,0.10385410467223334
PRV52265,0,0.6058119456351725
PRV52425,0,0.09474458897487574
PRV56378,0,0.10068595844361791
PRV55070,0,0.09788664834157666
PRV52801,0,0.10252595686306824
PRV57612,0,0.13009367494286242
PRV53935,0,0.09136028066365379
PRV55299,0,0.09561638678202475
PRV55383,0,0.21007786751892651
PRV55589,0,0.09351490573689134
PRV56867,0,0.09217879897366071
PRV56432,0,0.1284835749382283
PRV51302,0,0.1372125408585988
PRV51438,0,0.09646834142310215
PRV55740,0,0.09574631464472062
PRV57585,0,0.11953904096735979
PRV54685,0,0.1002587963524669
PRV53365,0,0.09140674002428634
PRV54500,0,0.10663862913294472
PRV56094,0,0.09752325338053457
PRV54544,0,0.09560952217403026
PRV55030,1,0.9623652817534155
PRV56338,0,0.4823557114837124
PRV57491,0,0.11381533713180027
PRV55359,0,0.13095189036841864
PRV52528,0,0.09382540688279958
PRV51198,0,0.09151114614432558
PRV53573,0,0.1001611407446684
PRV53339,0,0.09444030105847537
PRV53206,0,0.09379463776029344
PRV53910,0,0.931575274648922
PRV53814,0,0.11252063207769283
PRV54803,0,0.09148082441975441
PRV57366,0,0.09203885465692431
PRV57722,0,0.09996914616014162
PRV53570,0,0.09511870200904494
PRV56747,0,0.09531108263209577
PRV53445,0,0.09209207566503155
PRV52165,1,0.3607598568611471
PRV56997,0,0.09625762273467654
PRV52794,0,0.09361250963985401
PRV53928,0,0.10841659120409579
PRV57619,0,0.09588122068705136
PRV55041,0,0.2502077155611093
PRV52126,0,0.8275233548066789
PRV55157,0,0.10129864687071126
PRV52337,1,0.7808373323357216
PRV55600,0,0.09436249487231663
PRV52142,0,0.7742827735166585
PRV52039,0,0.13525300029685508
PRV55728,0,0.09306193850150343
PRV52260,0,0.09960357969607184
PRV55340,0,0.10397962252724866
PRV55537,0,0.09243775680572831
PRV55326,0,0.10117614062170116
PRV55211,0,0.09434333648179158
PRV55701,0,0.1526883760635832
PRV53465,0,0.13174310186949542
PRV54608,0,0.09653204651039088
PRV53495,0,0.09815330078270365
PRV56954,0,0.09626835597725968
PRV51751,0,0.09181844475519096
PRV55495,1,0.8123236312103468
PRV53457,0,0.09471130959684601
PRV56706,1,0.9438382277626649
PRV53961,1,0.9623981060955037
PRV53927,0,0.092846485296179
PRV52150,0,0.9358768881559955
PRV51572,0,0.09190998177780972
PRV56120,0,0.10114221236688041
PRV57076,0,0.10214530871455886
PRV51239,0,0.10375605783536657
PRV54435,0,0.0956530974623074
PRV54509,0,0.09155712598190459
PRV56977,0,0.09215056023260103
PRV57549,0,0.3154971780100104
PRV53456,0,0.2110255035241426
PRV54381,0,0.7669086890996508
PRV55622,0,0.09643380069594354
PRV57577,0,0.11548557812424834
PRV51115,0,0.09190563611161395
PRV51447,1,0.9097903841942506
PRV56487,0,0.09535646589784022
PRV54475,0,0.12528922753552815
PRV56027,0,0.09415503995840291
PRV51868,1,0.9646172090271564
PRV57236,0,0.10575529171656095
PRV55543,0,0.25368162682575063
PRV51281,0,0.11227779262836066
PRV55653,0,0.09219555469067761
PRV55950,0,0.09455596080799741
PRV57449,0,0.10386394737446879
PRV52661,0,0.1348698489293707
PRV52831,0,0.9321741248189163
PRV53839,0,0.09420123830820687
PRV56594,0,0.10180095580216916
PRV53050,0,0.097016549878188
PRV55883,0,0.09398942656525236
PRV56816,0,0.09352232792840764
PRV52030,1,0.963652650785945
PRV55716,0,0.09597275919242239
PRV51476,0,0.10014879596437574
PRV53598,0,0.22875378053778345
PRV56526,0,0.10012745639051615
PRV51983,0,0.09740805905354805
PRV54054,0,0.11130714721961536
PRV56071,0,0.09102566355429044
PRV54557,1,0.7090809951097401
PRV51444,0,0.1640860672716186
PRV55277,0,0.09480933136232286
PRV54232,0,0.7665007522734916
PRV51535,0,0.4359592231192453
PRV57167,1,0.22340374041845723
PRV51168,0,0.13433365101657993
PRV51822,0,0.09672225316757642
PRV51147,0,0.09642447258145231
PRV54571,0,0.20270833325279067
PRV56675,0,0.29654175092289825
PRV53358,0,0.09143799174914792
PRV56345,0,0.8577037426085649
PRV57652,0,0.09380613070417705
PRV55034,1,0.9203750084264839
PRV55563,0,0.09321910659555756
PRV56242,0,0.16300700051143782
PRV57616,0,0.09312700204195008
PRV56387,0,0.09641757169132789
PRV57444,0,0.09310154386900335
PRV52955,0,0.10644043209779736
PRV51794,0,0.0992639158867903
PRV54196,0,0.09357893326341869
PRV57265,0,0.09841714001400667
PRV51710,0,0.2654438786916228
PRV56044,0,0.8968225865667078
PRV52962,0,0.09402315439998808
PRV51573,0,0.15495036417710784
PRV52891,0,0.09419380056206575
PRV57731,0,0.0916246788472863
PRV52097,0,0.09716164843403079
PRV56687,0,0.09390422295036065
PRV57259,0,0.10388029600302737
PRV57318,0,0.11227970658671999
PRV54265,0,0.6029841005864357
PRV57057,0,0.09903949819021517
PRV57570,0,0.09108612366650984
PRV51693,0,0.10794764776799347
PRV54252,0,0.09520733021283395
PRV57640,0,0.2381698266183574
PRV53750,0,0.951711882815759
PRV53163,0,0.09408887693164018
PRV52042,0,0.10890271770365083
PRV55247,0,0.8388798291447362
PRV54573,0,0.09548894111728642
PRV52491,0,0.11126268160620334
PRV51766,0,0.09409178869983882
PRV57202,0,0.121751421331141
PRV52011,0,0.10326825479931115
PRV52204,0,0.09240532674331599
PRV56334,0,0.09205696510541914
PRV53318,0,0.10052395322420458
PRV53399,1,0.22734814625657204
PRV51792,0,0.10848155263635957
PRV56729,0,0.11473852173046134
PRV51113,0,0.11482371276100954
PRV56125,0,0.12423885963945815
PRV57431,0,0.09649141210202268
PRV57074,0,0.1448913322221712
PRV56758,0,0.37570332905507636
PRV51183,0,0.9071004942692934
PRV54206,0,0.10250926482578936
PRV56855,0,0.09177536821684669
PRV54255,0,0.22849432847358225
PRV52121,0,0.125457621188101
PRV56577,0,0.32024675199600766
PRV54020,0,0.0923992205100659
PRV51284,0,0.8890600112420933
PRV56463,0,0.09215274047613498
PRV54355,0,0.1104582993387075
PRV53288,0,0.09806772038975073
PRV52328,0,0.10199402731262389
PRV55801,0,0.09236156998043321
PRV53441,0,0.843349020913423
PRV56768,0,0.09618055782904607
PRV51314,0,0.13898874644626283
PRV52564,0,0.12283329403764588
PRV54442,0,0.10169578516137769
PRV53081,0,0.09393944552882393
PRV51202,0,0.0918603980969954
PRV56630,1,0.9604322568469033
PRV57423,0,0.10077487774597083
PRV52068,0,0.09623084479856855
PRV51552,0,0.1357347271966376
PRV51289,0,0.16013950712821973
PRV54083,0,0.6854117787616802
PRV55018,1,0.9564937867469434
PRV56677,0,0.09235017517574251
PRV57058,0,0.10258894298478045
PRV57234,0,0.16402881719354243
PRV56720,0,0.09429847696043588
PRV55456,0,0.1889229381307813
PRV55196,0,0.5782250868574822
PRV53786,1,0.9629818027881872
PRV52553,0,0.18642262441143637
PRV57373,0,0.09990697671302357
PRV55226,0,0.12730343982880912
PRV54419,0,0.1025376904120384
PRV56485,0,0.18125879116174853
PRV52437,0,0.10324635863489347
PRV53759,0,0.10638364480547571
PRV52771,0,0.09710151729918098
PRV54045,0,0.09919513807904526
PRV51809,0,0.816016769401384
PRV53515,0,0.11643758030390629
PRV52432,0,0.10717885257443535
PRV55706,0,0.1052504745184042
PRV54332,0,0.8877492444226912
PRV55807,0,0.10207743164256905
PRV53609,0,0.11772280558567089
PRV54965,0,0.5469580320737673
PRV52387,0,0.4564746044570758
PRV53106,1,0.1169043494752609
PRV52919,0,0.1034812878571058
PRV52565,0,0.6503334431355928
PRV56065,0,0.1054560098631307
PRV57228,0,0.9033314134367453
PRV54290,0,0.09695238428753335
PRV53036,0,0.13862076108978888
PRV51449,0,0.19254812895249518
PRV51462,0,0.1027479239617932
PRV52673,0,0.12031088254358133
PRV56611,0,0.11907993034307973
PRV56495,0,0.12791021024373903
PRV54763,0,0.10118568766070082
PRV54830,0,0.09772621355059864
PRV53896,0,0.10267632540014689
PRV54778,1,0.9635009803128778
PRV53666,0,0.09879077990960902
PRV54633,0,0.10199763407772226
PRV55348,0,0.09872334806202544
PRV51692,0,0.09787679295253114
PRV51049,0,0.100248376776477
PRV57364,0,0.1410981457270839
PRV54006,0,0.10629487400980772
PRV55675,0,0.40626231585469513
PRV56136,0,0.09946030202572595
PRV53838,0,0.1279515637097006
PRV52658,0,0.10371646500874855
PRV55088,0,0.10665644627923386
PRV52012,0,0.10941518503518204
PRV55265,0,0.15283341393637884
PRV57194,0,0.1062535493511055
PRV55016,0,0.12774462759162544
PRV54380,0,0.10764708193647887
PRV55374,1,0.9158095300696176
PRV55803,0,0.09829574605498492
PRV53899,0,0.0980127190839843
PRV51253,0,0.10329718757919355
PRV54767,0,0.20308083660587092
PRV54301,0,0.09864595664808228
PRV54310,0,0.10520981210032461
PRV56260,0,0.9570629095145581
PRV54589,0,0.10358905722517636
PRV52261,0,0.10180764087417307
PRV57499,0,0.10503704662788721
PRV54800,0,0.09611073607999775
PRV55587,0,0.09793890553931388
PRV55660,0,0.10502726342007437
PRV57333,0,0.6860057830864936
PRV54008,0,0.1122625815952169
PRV54041,0,0.14621521633022289
PRV52702,0,0.10131930254991163
PRV54950,1,0.37874281014776756
PRV51121,0,0.16049309731497957
PRV55884,0,0.1114849786205993
PRV51299,0,0.09982601651790403
PRV53454,0,0.10056691096074943
PRV52397,0,0.09815136903136217
PRV51846,0,0.1061532181200868
PRV54433,0,0.0979558261772058
PRV57417,0,0.09613258148192376
PRV53192,0,0.13684796317016495
PRV55875,0,0.10053588818753931
PRV55095,0,0.10192811884896212
PRV51724,0,0.09717438638251248
PRV56403,1,0.14083245443463913
PRV51694,0,0.11001377441826206
PRV57676,0,0.09913494704457455
PRV53154,0,0.12104094612937365
PRV53151,0,0.10215231354470047
PRV54615,0,0.10070901406865419
PRV56380,0,0.10802369367511867
PRV52502,1,0.9428959330838519
PRV55719,0,0.09803331926919395
PRV56877,1,0.5142586038896498
PRV51736,0,0.11888912583571676
PRV51098,0,0.0987236287253498
PRV53117,0,0.8365648027362461
PRV56544,0,0.5077747508860825
PRV53147,0,0.09921047154696447
PRV53140,0,0.10727843691984844
PRV51027,0,0.12549931427623873
PRV56458,0,0.15175248982416664
PRV51619,0,0.5606699201335356
PRV53008,1,0.9363652669676609
PRV56648,0,0.10110066708404195
PRV55978,0,0.9573552639426287
PRV51919,0,0.19670531837511024
PRV54611,0,0.09826529869094261
PRV54507,0,0.9323119757272919
PRV52665,0,0.47014797710498163
PRV54193,0,0.10125989909590172
PRV51256,0,0.12365432807939482
PRV57171,0,0.4099113739822982
PRV52609,1,0.5984035842970435
PRV56575,1,0.9641798606715216
PRV55216,0,0.16899882283188275
PRV57326,0,0.15301611377213062
PRV57191,1,0.9661811790579038
PRV55790,0,0.11063078302453896
PRV53018,0,0.10964942658416922
PRV53660,0,0.10599411760298351
PRV51245,0,0.5425819787284272
PRV55775,0,0.10141570210214974
PRV53197,0,0.09658663692710223
PRV55885,0,0.09689051698239014
PRV52309,0,0.11329422412833559
PRV57636,0,0.10229350963494149
PRV53371,0,0.10709014438156005
PRV56164,0,0.10519605976033006
PRV57146,0,0.4240557206115644
PRV52838,0,0.11588667835696712
PRV55124,0,0.8156440036450023
PRV51084,1,0.87674562061192
PRV54282,0,0.10035360539358645
PRV51497,0,0.2552997555690022
PRV52398,0,0.8587015967945145
PRV53943,0,0.45134289292349566
PRV57751,0,0.09983130519755129
PRV52402,0,0.9584639771848754
PRV56135,0,0.5469427384614033
PRV54894,1,0.9657933849249313
PRV53951,1,0.9147247341422122
PRV51516,0,0.10960557490720933
PRV51608,0,0.19998930609573712
PRV57720,0,0.10061161002357945
PRV54982,0,0.10044990907643601
PRV56283,0,0.09747258429236554
PRV52119,1,0.885622336433346
PRV53919,1,0.35044359947602216
PRV56276,0,0.10041713497156447
PRV55460,0,0.09961021444617243
PRV54070,1,0.8731466255331191
PRV57595,0,0.10139460553092543
PRV51081,0,0.7742756628353661
PRV54082,0,0.1112567325366135
PRV56291,0,0.10708570790374217
PRV55176,0,0.10727348992362357
PRV53629,0,0.10315504204418235
PRV55195,1,0.9079522801745256
PRV56123,0,0.9556702935067766
PRV52248,0,0.1300130534991294
PRV52064,1,0.9615448147253945
PRV52404,0,0.19722856576190853
PRV53259,0,0.16629869034459807
PRV51960,0,0.941563018108111
PRV55570,0,0.10041800599454627
PRV57161,0,0.09587374973504514
PRV55202,0,0.10127135378092954
PRV52622,0,0.09988048387982125
PRV56470,0,0.38250156355065634
PRV52683,0,0.11004803919470676
PRV55309,0,0.10754569122996264
PRV56405,0,0.10999942064217919
PRV53773,0,0.218593901217007
PRV51169,0,0.10565457675277752
PRV56039,0,0.12323754061290797
PRV54679,0,0.10081761103503999
PRV52736,0,0.09597854427552453
PRV51170,1,0.7691474335995475
PRV55189,0,0.9042480166835498
PRV51140,0,0.904458083223588
PRV51134,0,0.1059228315331521
PRV56728,0,0.10230558090142497
PRV56861,0,0.11245479313828015
PRV52678,0,0.10955240351124569
PRV53467,0,0.10194015244141393
PRV55839,0,0.29399126310625495
PRV55167,0,0.11264624628029492
PRV56363,0,0.12136985747205835
PRV52593,1,0.5212835825883778
PRV54101,0,0.17457617283584584
PRV52115,1,0.834080093308431
PRV54096,0,0.09636605872791962
PRV53386,0,0.1089959614120008
PRV51752,0,0.11221623097904983
PRV53020,0,0.09874232212759404
PRV57408,0,0.10467124519816909
PRV56830,0,0.09901200549896054
PRV54561,0,0.9144836393566496
PRV53108,0,0.22893085918728606
PRV57041,0,0.10166695365073686
PRV52054,0,0.12136425457520326
PRV53024,0,0.1126225816836505
PRV52791,0,0.12319428774731936
PRV51164,0,0.9534048482832398
PRV56494,0,0.7844765941484255
PRV57293,0,0.8330451009722195
PRV51295,0,0.09956944511073629
PRV52492,0,0.10843485924215691
PRV54666,0,0.1012442350296456
PRV54057,0,0.09643214927603493
PRV53004,0,0.09764092239282127
PRV52843,1,0.9472632558687082
PRV56258,0,0.10499186801109442
PRV55777,0,0.09986069164130082
PRV57314,0,0.10860543602795525
PRV51734,0,0.10237520316258267
PRV57084,0,0.19552472853120081
PRV53191,0,0.10516975355011594
PRV53145,0,0.11888488429259755
PRV56423,0,0.11410324566004874
PRV57735,0,0.09622040704745423
PRV56930,0,0.1043308948120741
PRV57298,0,0.10659849284384137
PRV54682,0,0.1391922384544103
PRV56148,0,0.11623413068899187
PRV56753,0,0.7290801506535977
PRV56437,1,0.9492448099224623
PRV56664,0,0.1529033659353886
PRV54776,0,0.13401095603073976
PRV57319,0,0.7431813193927631
PRV56512,0,0.11161734653630848
PRV56824,0,0.10687675384695941
PRV53511,0,0.1134984166799579
PRV51325,0,0.11875821040359887
PRV54007,0,0.09886151893896927
PRV57465,0,0.1058415074248819
PRV52643,0,0.09718881397467004
PRV55525,0,0.9205277050491143
PRV55261,0,0.10537346271954628
PRV51141,0,0.11107234058307885
PRV54259,0,0.4412578520405429
PRV51750,0,0.09621836536329632
PRV51685,0,0.10965813986383209
PRV51964,0,0.10161021380672257
PRV57297,1,0.14386492025312136
PRV51670,0,0.23431481183310585
PRV51315,0,0.10331580190207311
PRV55684,0,0.09848876627515847
PRV54287,0,0.17451780478116066
PRV55953,0,0.09731094042985798
PRV53415,0,0.10216292681718771
PRV55385,0,0.17550908948305396
PRV55341,0,0.10075126094667881
PRV54941,0,0.09686989184420723
PRV55851,0,0.19754441497198938
PRV54215,0,0.89263506247934
PRV56829,0,0.1525817339515447
PRV55447,0,0.10232775315275343
PRV54660,0,0.09982489291680462
PRV52355,0,0.10710712085515238
PRV51190,0,0.1253006169174829
PRV51213,0,0.09588498017270501
PRV56548,0,0.6479267321707648
PRV51135,0,0.10003634920963635
PRV56578,0,0.6150693262052607
PRV57730,0,0.1181217920829873
PRV55469,0,0.10037510968039781
PRV52723,0,0.8681466732823445
PRV53229,0,0.12738133379307015
PRV51045,0,0.10123221741660503
PRV56820,0,0.10128344801852313
PRV52003,0,0.957075865584256
PRV55322,0,0.10796878567535967
PRV57447,0,0.0975611964899752
PRV55534,0,0.15502052755133824
PRV53258,0,0.16508889872922058
PRV52081,0,0.10676991902053047
PRV52641,0,0.8390963866846696
PRV53865,0,0.11058573923264335
PRV52714,0,0.09748242718824597
PRV57088,0,0.18552142281820047
PRV54656,0,0.09965542480590898
PRV53771,0,0.10281157473411698
PRV54991,0,0.10794146791743633
PRV55659,1,0.8397563655060402
PRV57204,1,0.8279554573129706
PRV52988,0,0.21613725293841327
PRV53533,0,0.12063687405017563
PRV53741,0,0.09693111392578599
PRV56920,0,0.09825068977451859
PRV51436,0,0.7860374514518391
PRV53398,0,0.10062579264280484
PRV51582,0,0.1023463879932582
PRV51869,0,0.107796028069675
PRV51664,0,0.09975029911111491
PRV57733,0,0.12001827201838115
PRV55424,0,0.10735418980056859
PRV51378,1,0.9632310689306381
PRV51518,0,0.15862576807081677
PRV57611,0,0.11697721391957734
PRV56265,0,0.885311394865948
PRV53519,0,0.15558275352360956
PRV57332,0,0.10210941658223781
PRV52763,0,0.09912088219548096
PRV57156,0,0.13912888313923807
PRV52236,0,0.1011532039457014
PRV52865,0,0.1819354900990681
PRV55455,0,0.6268604679257256
PRV54278,0,0.11122482124034032
PRV52313,0,0.7082968232619151
PRV53864,0,0.09875811492871868
PRV51293,0,0.10324155433193442
PRV53124,0,0.8501244202772008
PRV57013,0,0.1141399860233664
PRV56217,0,0.10738732720858965
PRV52272,0,0.09860478461623697
PRV52591,0,0.09902381068885854
PRV54563,0,0.15238281660255532
PRV53841,0,0.10705165335798066
PRV53959,1,0.956452418650801
PRV52127,0,0.2515917806715948
PRV51487,0,0.1245044625816929
PRV54199,0,0.1022567353412044
PRV52732,0,0.09910012629517516
PRV55092,0,0.09987394218976132
PRV54806,0,0.1361479153374627
PRV56392,1,0.7041007178676709
PRV56210,0,0.7849040524394508
PRV51415,0,0.16076091897032682
PRV54375,0,0.5986095659837256
PRV55805,0,0.0992302166268792
PRV54451,0,0.10332077883371395
PRV54677,0,0.12312554648763199
PRV53401,1,0.9572547747266319
PRV54901,0,0.4568779679545313
PRV53545,0,0.09947741040254365
PRV54818,0,0.1060973568390525
PRV51913,0,0.09738561339625161
PRV53828,0,0.10339220889335445
PRV54667,0,0.9146963568549498
PRV52670,0,0.10113701088459595
PRV52019,1,0.9628486794675859
PRV56357,0,0.10053364818591853
PRV51337,1,0.9252778987717422
PRV51819,0,0.09807666116589275
PRV52598,0,0.10653033577324625
PRV52518,0,0.12244584385650083
PRV54905,0,0.17041855555817476
PRV53521,0,0.10260189801233854
PRV57456,0,0.09973490564838616
PRV57299,0,0.1075834856698404
PRV57374,0,0.0983986593918506
PRV56381,0,0.1252125612152454
PRV56998,0,0.0970891066063648
PRV52092,0,0.638833063890761
PRV51761,0,0.09630281763635853
PRV53211,0,0.0989920841170437
PRV55006,0,0.12012018727576876
PRV57534,0,0.1310510358563806
PRV55256,0,0.132451383722804
PRV53016,0,0.11407415611968477
PRV52493,0,0.09984309379228234
PRV51727,0,0.09987874941658406
PRV54462,0,0.1113544131789825
PRV54668,0,0.20014399225930207
PRV53665,0,0.10715281638737134
PRV51478,0,0.09993737910902162
PRV55911,1,0.9110613172997072
PRV54456,0,0.11733408007721843
PRV57518,0,0.35753834136562285
PRV54412,0,0.11027861973191397
PRV51272,0,0.2311896921309229
PRV52724,0,0.1115075404889798
PRV57527,1,0.9615142839879618
PRV51180,0,0.3063007473346927
PRV52773,0,0.09749462795125519
PRV54038,0,0.10419310136750849
PRV51003,1,0.9516917728463704
PRV54908,0,0.11076567159075856
PRV53109,0,0.14034539327987353
PRV56138,0,0.12014683308485646
PRV52354,0,0.12329765335147692
PRV55963,0,0.1097920336159841
PRV53661,0,0.10258064625746449
PRV56726,0,0.16085627975897301
PRV52031,0,0.11817188040275124
PRV53996,0,0.1032558983201574
PRV54717,0,0.10091142613343548
PRV53534,0,0.11316073862984632
PRV56158,0,0.10813256422562448
PRV53805,0,0.10212690272303739
PRV56950,0,0.09929847437306624
PRV54128,0,0.11395885660892358
PRV55638,0,0.10104556510322363
PRV51109,0,0.10393115583777258
PRV53626,0,0.09970566887676671
PRV56274,0,0.10506199547816088
PRV53717,0,0.11837964837198939
PRV54971,0,0.9598429853620454
PRV53274,0,0.10053427411105614
PRV56833,0,0.10120872081265499
PRV53618,0,0.25225742796894873
PRV52844,0,0.12099041432448186
PRV53624,0,0.10404115618486186
PRV55188,0,0.19571549983929834
PRV54836,0,0.09969038024052318
PRV55172,1,0.9601468364773224
PRV54198,0,0.09820386466864153
PRV54256,0,0.8113431825144384
PRV53860,0,0.09848060611696609
PRV56152,0,0.09811729762298038
PRV55558,0,0.10022305769850352
PRV56551,0,0.1018131017987739
PRV51966,0,0.09888808038734984
PRV56328,0,0.09972548363216617
PRV57742,0,0.09642159166186075
PRV52890,0,0.11785980177635318
PRV54448,0,0.09901778045831632
PRV56682,0,0.11493078550726321
PRV51145,1,0.9643044870309152
PRV57392,0,0.09922238509919801
PRV56319,0,0.0999281507454012
PRV55509,1,0.939390168210876
PRV56199,0,0.10259962075226849
PRV57759,0,0.10883207297094258
PRV54073,0,0.3873092830935908
PRV53723,0,0.09942278629810615
PRV52007,0,0.09950980078078143
PRV52703,0,0.09850346924603884
PRV55792,0,0.10232255023518172
PRV55819,0,0.12428304507578934
PRV54845,1,0.6287776552869844
PRV51230,0,0.12368233027455904
PRV52748,0,0.09977871969177136
PRV51023,0,0.17395488889459568
PRV52934,0,0.10260976197322319
PRV55577,0,0.10436095330314568
PRV57632,0,0.10429583203715061
PRV52554,0,0.09566037458516245
PRV53198,0,0.10347554405843777
PRV52911,0,0.09668079097904247
PRV55392,0,0.9358663815080757
PRV52920,0,0.1037130926225204
PRV54001,0,0.1450580772417859
PRV57325,0,0.10000432062398464
PRV55362,0,0.11697442401512806
PRV53125,0,0.0967047109421077
PRV53844,0,0.11378399790445413
PRV55152,0,0.17882466367196662
PRV53079,0,0.09842994905100995
PRV53026,0,0.0983941445236454
PRV54144,1,0.2496842820932296
PRV55936,0,0.09782082316347478
PRV52406,0,0.10702394337507064
PRV52729,0,0.09666010968534777
PRV55144,0,0.11680724061564252
PRV56533,0,0.3357395658330122
PRV56892,0,0.10302927942760093
PRV56089,0,0.09900091985432266
PRV55858,0,0.10256079069046317
PRV53061,0,0.10227199582303172
PRV57352,0,0.1194949868864399
PRV51432,0,0.12561293876998117
PRV53350,0,0.10377837571187505
PRV55596,0,0.10804904732616007
PRV51991,0,0.11144135634545263
PRV53663,0,0.1134700074657948
PRV56828,0,0.10709043948310798
PRV56406,0,0.12330829479887641
PRV51774,0,0.0979318150012725
PRV55054,0,0.11781560463472075
PRV54902,0,0.11042358716826235
PRV55810,0,0.1171021829028267
PRV51879,0,0.17889768840562015
PRV52391,0,0.10813319188476549
PRV54676,1,0.949266899940018
PRV52952,0,0.10200068341888123
PRV53260,0,0.1428528119195652
PRV54112,0,0.09967424242995865
PRV57509,0,0.10867774354314574
PRV54072,0,0.2838686761144518
PRV55704,0,0.13914039922254587
PRV53448,0,0.2800169725868149
PRV53889,0,0.20679252375501916
PRV57145,0,0.11492487302304137
PRV52185,0,0.1352143750741714
PRV57086,0,0.14785744473845605
PRV51577,0,0.0989309085048865
PRV55063,0,0.09958391478555273
PRV51952,0,0.10039072641580359
PRV57654,0,0.10890595418630793
PRV51578,1,0.9623723179416833
PRV54833,0,0.11416680114829596
PRV53933,0,0.1232248643495709
PRV55540,0,0.8515784860595702
PRV51616,0,0.0998350851102352
PRV52862,0,0.9379383427212279
PRV53202,0,0.10083287057857702
PRV57112,0,0.9379100887025629
PRV51211,0,0.09661956001737232
PRV51138,0,0.10789021234372301
PRV51175,0,0.10530296447632703
PRV54939,1,0.900236310184882
PRV53336,0,0.10932789129746565
PRV53597,0,0.11144409415732418
PRV52361,0,0.11950836904178479
PRV57437,0,0.15093059625383948
PRV57371,0,0.09864683369167015
PRV54926,0,0.26131139405895387
PRV56051,0,0.09647695793349917
PRV51209,0,0.11159799248390662
PRV56674,0,0.10385802621955655
PRV53975,0,0.15631605685352754
PRV51571,0,0.104887700346806
PRV55560,0,0.10720548359905648
PRV54725,0,0.1071408501470749
PRV55184,0,0.10454488838888275
PRV54723,0,0.10556326671361262
PRV53559,0,0.09595627198256922
PRV53685,0,0.11062326362864315
PRV57584,0,0.14573962252778289
PRV51065,0,0.30084811378676013
PRV55854,0,0.10289678227052154
PRV57461,0,0.09912281903594608
PRV52182,0,0.5999147889125408
PRV53261,0,0.1611211321489256
PRV52450,0,0.13986437079047856
PRV57678,0,0.09887442461019219
PRV54146,0,0.10353154000528601
PRV51334,0,0.10116789921968655
PRV55408,0,0.1009275114134566
PRV51763,0,0.09813995034898586
PRV54217,0,0.11002499707361334
PRV51387,0,0.43736701588602345
PRV55753,0,0.45804492749710185
PRV57605,0,0.11403294439243615
PRV57471,0,0.0987486153934395
PRV56923,0,0.10649288614648912
PRV55591,0,0.09616918544428014
PRV52827,0,0.8158755120876366
PRV52710,0,0.10135895918545045
PRV55870,0,0.10413513648071508
PRV54093,1,0.8855712378553968
PRV57512,0,0.1026531535218691
PRV51159,1,0.9581785547773122
PRV51579,0,0.8797986924752158
PRV53616,0,0.1234249248517009
PRV53262,0,0.11407623198025586
PRV56227,0,0.11013626537605452
PRV56672,0,0.11340630198609257
PRV53014,0,0.09665745082468603
PRV55654,0,0.7130139857223451
PRV56972,0,0.11578389308690959
PRV55038,0,0.09647686040481915
PRV52519,0,0.594751026100624
PRV52976,0,0.10237398678943718
PRV53290,0,0.1017908289513576
PRV51352,0,0.09754678678152422
PRV51765,0,0.09729461010471084
PRV52806,0,0.10004036814676433
PRV51038,0,0.8839973535134966
PRV57571,0,0.09670691689675251
PRV56834,0,0.1262008638376331
PRV54134,0,0.18966595238825004
PRV52558,0,0.2389844638590269
PRV56483,0,0.12142794695417206
PRV53507,0,0.32108070806201533
PRV52230,0,0.10907445531685384
PRV51620,0,0.0999563191969842
PRV57435,0,0.1010639229096134
PRV57062,0,0.12528396422871205
PRV56249,1,0.9507983767795557
PRV54981,0,0.9617441270638807
PRV57702,0,0.48422625865153046
PRV54141,0,0.10690650496981761
PRV57224,0,0.19725966567999922
PRV55991,0,0.10194865531053507
PRV57251,0,0.8384911688923457
PRV56207,0,0.2046095222836058
PRV52986,0,0.5287362175675748
PRV54177,0,0.09844127890261781
PRV57206,1,0.8702376840415097
PRV57568,0,0.2672789422913161
PRV52921,0,0.13580192653975254
PRV56146,0,0.10714142104218465
PRV56121,0,0.8006851226923999
PRV51861,0,0.10159283626699321
PRV53688,0,0.1018402741571571
PRV55905,1,0.9612626634678595
PRV51954,0,0.9187163431378883
PRV53892,0,0.33091999595396276
PRV56641,0,0.09648277546085428
PRV51867,0,0.10016834027183867
PRV51716,0,0.1331624267914347
PRV55541,0,0.11940549287476475
PRV52991,0,0.5323048638137461
PRV54705,0,0.9348753203927787
PRV54156,0,0.12584247764980525
PRV54121,0,0.11415010039952067
PRV55938,0,0.09713154934467531
PRV52315,0,0.20225602307647603
PRV57601,0,0.10194613880840003
PRV52551,0,0.09810783762234729
PRV55649,0,0.09861210169639942
PRV55337,0,0.09768444816254483
PRV52966,0,0.10315363062779125
PRV55849,1,0.9623227576384032
PRV54640,0,0.2628157036444474
PRV54080,0,0.8176567423593984
PRV51056,0,0.11286800713428999
PRV51696,0,0.09780361317261281
PRV57219,0,0.10258941089205285
PRV54052,0,0.15063170423108768
PRV52292,1,0.9244164189664444
PRV55623,0,0.10115176428206725
PRV56019,0,0.9267038028457492
PRV52076,0,0.9383780585084408
PRV54253,0,0.32097066312418654
PRV55902,0,0.10227966873948101
PRV55937,0,0.6254289769935467
PRV56905,0,0.09939875972686309
PRV56006,0,0.8671258866500381
PRV56596,0,0.09707821537989648
PRV54373,0,0.0966256619289035
PRV57729,0,0.6567042807575242
PRV51602,0,0.20044088782535915
PRV57006,0,0.15061381964643145
PRV54444,0,0.10247197620095068
PRV55451,0,0.09709006259021609
PRV55358,0,0.11136876162101353
PRV57294,0,0.10053714211178118
PRV54813,0,0.9001807300530856
PRV52525,0,0.09671123765348329
PRV54891,0,0.24368199549519748
PRV54892,0,0.10181368194773094
PRV57242,0,0.12414538360148762
PRV54261,0,0.10519623248666311
PRV52788,0,0.19310288736462447
PRV56539,0,0.10369223290541883
PRV55752,0,0.593157087490178
PRV55316,0,0.10779845865446593
PRV54877,0,0.10421649751231489
PRV56751,0,0.16705214922485365
PRV55710,0,0.22810074136778044
PRV57446,0,0.1006285173619291
PRV51189,0,0.10182029538932885
PRV53134,0,0.09893514482054842
PRV56075,0,0.097549087956191
PRV56427,0,0.10577038051435096
PRV53695,0,0.1141117552998976
PRV56750,0,0.1018555815731597
PRV57459,0,0.10521573166406797
PRV52488,0,0.13209374655098458
PRV55497,0,0.09688504130064335
PRV53622,0,0.09715166716256642
PRV54988,0,0.0982299333473972
PRV55192,0,0.5665239297713506
PRV56122,0,0.09932107757364732
PRV56902,0,0.1078534379985466
PRV51725,0,0.09745760997231356
PRV52541,0,0.12420805857254036
PRV51910,0,0.11432905529079396
PRV54327,1,0.8162551466517871
PRV55085,0,0.10608875378738705
PRV57317,1,0.9580266964767914
PRV52271,0,0.09854014056270345
PRV56760,0,0.3517561555412905
PRV53766,0,0.10092024245816944
PRV54285,0,0.10672934333822824
PRV54337,0,0.959895092087182
PRV51090,0,0.09717178002833579
PRV52813,0,0.8932617987142496
PRV56118,0,0.3042094104338236
PRV51071,0,0.09879198256510059
PRV54180,0,0.1025950242183769
PRV55934,1,0.9395767428774149
PRV55652,0,0.09786497321672931
PRV56087,0,0.10815556215219388
PRV55920,0,0.10280097470421401
PRV51237,0,0.102544467802778
PRV57752,0,0.10543016962413784
PRV54250,0,0.1032749258375804
PRV53244,0,0.9540225457168524
PRV56537,0,0.11627315669277967
PRV55193,1,0.950238978113178
PRV57198,0,0.12414554403198028
PRV54911,0,0.1021507556115965
PRV57357,0,0.5895850030091241
PRV54222,0,0.10153508100778907
PRV51563,0,0.11454569946163776
PRV53491,0,0.09926785989280504
PRV56268,1,0.9528944557070468
PRV55522,0,0.13447826587465125
PRV55487,0,0.13545124539171138
PRV53674,0,0.20417431397935973
PRV53751,0,0.09884400565112583
PRV57727,0,0.09923452938582449
PRV53754,0,0.0969503318772609
PRV52663,0,0.6879503575052678
PRV52453,0,0.09824197083376766
PRV55013,0,0.12204063649054607
PRV54150,0,0.10758588919495905
PRV56514,0,0.10059902159389494
PRV51179,0,0.1021899912956285
PRV56723,0,0.10046094783074083
PRV57561,0,0.10195693449614107
PRV56303,0,0.09674268780300159
PRV52263,0,0.10185180075485212
PRV54391,1,0.8043353504190631
PRV57341,1,0.961194185980958
PRV53038,0,0.12229783389989025
PRV57376,0,0.10394472149518515
PRV54297,1,0.5726277137042808
PRV55019,1,0.9652256732968945
PRV56497,0,0.10517773210074732
PRV52169,0,0.10139250274232058
PRV57421,0,0.10417063722685768
PRV51112,0,0.1688781489629153
PRV51013,0,0.10735643295560092
PRV56058,0,0.1844409879210647
PRV56052,0,0.10197249316451656
PRV53679,0,0.4840070686463281
PRV55200,0,0.10581271054675781
PRV57375,0,0.5380492154205714
PRV52953,0,0.1067458252312708
PRV54383,0,0.09755132493491038
PRV57105,0,0.11768757353893479
PRV53083,0,0.10854900271441502
PRV53424,0,0.9553490532813451
PRV52061,0,0.10284061230643661
PRV56656,0,0.10343811331392161
PRV57272,0,0.09930697040788902
PRV51448,0,0.49606979353231856
PRV53562,0,0.09736092624494573
PRV51474,0,0.9447983678531285
PRV55964,0,0.10048915870265951
PRV53256,0,0.9478776436419719
PRV57690,0,0.11704386986747516
PRV57655,0,0.09636807583409393
PRV57098,0,0.9377860192472208
PRV54280,0,0.11215976643844071
PRV55258,0,0.10455815864510218
PRV56130,0,0.5879709532583162
PRV54401,0,0.09792869770081793
PRV57099,0,0.09926248579310545
PRV55482,1,0.9351452089455763
PRV54960,0,0.12072472406505907
PRV57290,0,0.1292320522178978
PRV55592,0,0.12404812100811534
PRV51464,0,0.10286417658696331
PRV56579,0,0.11442566810970789
PRV56903,0,0.17657157779464402
PRV55687,0,0.4114654011352919
PRV54976,0,0.10098121992594834
PRV54066,0,0.11601792014258272
PRV54579,0,0.09960235620780113
PRV52972,0,0.7336677127378384
PRV55809,0,0.21651878839226146
PRV51933,0,0.099232718816446
PRV53389,0,0.1004044203582629
PRV55266,1,0.4107763014001108
PRV51346,0,0.1750094297045193
PRV51326,0,0.10525114233869519
PRV51430,0,0.5374429562741142
PRV56496,0,0.10627647056289515
PRV57650,0,0.1270159974887867
PRV51703,0,0.09648544392518041
PRV57104,1,0.8585010442638359
PRV51096,0,0.09960577765729439
PRV53909,0,0.19593278886432602
PRV51517,0,0.10176347705395687
PRV51813,0,0.6175709955373816
PRV57023,0,0.6990088798803431
PRV53021,1,0.9087787215148758
PRV53857,0,0.35076576936868253
PRV51948,1,0.9648252582478681
PRV54945,0,0.09825240798749489
PRV51644,0,0.10139773301607143
PRV54634,0,0.11591921079183609
PRV51015,0,0.11517122339044811
PRV51972,0,0.10174658846297431
PRV56657,0,0.10165265781797667
PRV55390,0,0.11511568084550439
PRV52836,0,0.3467010902355086
PRV54657,0,0.9048970853520282
PRV54036,0,0.10966631337462693
PRV54529,0,0.10521874390832826
PRV51637,0,0.12789698605616706
PRV57627,0,0.10280896462613626
PRV55513,0,0.10300574966848346
PRV52731,0,0.10450624944866072
PRV52214,0,0.10655928575922063
PRV52107,0,0.3637374399859705
PRV53396,0,0.9364540123116701
PRV54644,1,0.8376155843640436
PRV57239,0,0.10911584743448761
PRV54624,0,0.10442313706450648
PRV55970,0,0.7059283648930398
PRV52385,0,0.0998552169614013
PRV56101,0,0.09895663279612002
PRV56307,0,0.0964527171159161
PRV57754,0,0.09846174062523472
PRV52668,0,0.0977080253128633
PRV57467,0,0.09604011426016844
PRV57321,0,0.7605542308390699
PRV53848,0,0.0962925774217926
PRV53364,0,0.1130111867528589
PRV56602,0,0.15693721522035142
PRV53939,0,0.8717519678462821
PRV53017,0,0.10441256341088606
PRV57453,0,0.09960539265120164
PRV56845,0,0.10057324775505987
PRV52148,0,0.9174661033463696
PRV55147,1,0.647573829214975
PRV51740,0,0.10114249469943547
PRV57094,0,0.17094384749470784
PRV52181,1,0.6581480160592443
PRV57343,0,0.11378543755302171
PRV52246,0,0.1165981868488742
PRV53994,0,0.1394042025237016
PRV51151,0,0.6078734016962167
PRV55640,0,0.12881510581266314
PRV53301,0,0.11710477371608599
PRV56257,1,0.7414634387709456
PRV57069,0,0.0984278361141907
PRV52066,1,0.9555985322844482
PRV56576,0,0.2255808305337323
PRV51567,1,0.9514715049466341
PRV53658,0,0.0991393202081886
PRV53544,0,0.10459470597487841
PRV54409,0,0.22118605231139526
PRV56501,1,0.8043462884400161
PRV53894,1,0.9488027285928401
PRV52916,0,0.33563524040282905
PRV57662,0,0.10067763452731121
PRV56037,0,0.09693205244216202
PRV52733,0,0.09923522846324177
PRV55444,1,0.9639077437765644
PRV56985,0,0.09988366333880602
PRV54741,0,0.1296071712946552
PRV54542,0,0.46819725017649294
PRV53280,0,0.10203723212445269
PRV56866,0,0.12569705808110174
PRV57199,0,0.10145967305289684
PRV57205,0,0.42684199915204324
PRV56632,0,0.7009745636394802
PRV53239,0,0.8684037287095718
PRV51122,0,0.09629875898404322
PRV51110,0,0.15945009807406849
PRV54553,0,0.1152402534587901
PRV57263,0,0.11362699369410836
PRV56066,0,0.10030637020371824
PRV54515,0,0.1060008839205446
PRV57052,0,0.09900654973998221
PRV52343,1,0.9451836154318628
PRV57010,0,0.1060423341873828
PRV54374,0,0.7024736296174676
PRV54413,0,0.10364851537034428
PRV55635,0,0.10442068681224541
PRV52499,0,0.7662957498609109
PRV56552,0,0.10003503219237853
PRV52285,0,0.47845850131361545
PRV55971,1,0.9652326126218297
PRV51588,0,0.1517253786432708
PRV51823,0,0.1113207941691891
PRV57378,0,0.1115135513069438
PRV51771,0,0.10373015281067871
PRV51371,0,0.22672253244281906
PRV51890,0,0.10709813759556083
PRV57409,1,0.6735397118717726
PRV51775,0,0.10615185205874683
PRV52887,1,0.9592725369091802
PRV53142,1,0.9102430907179921
PRV54239,0,0.10600323369135418
PRV57101,0,0.9394152250703636
PRV53920,0,0.35396516619378127
PRV55001,0,0.10676393203934381
PRV57438,0,0.1518516090579784
PRV57539,0,0.10047111753304079
PRV51442,0,0.09925205680294848
PRV54535,0,0.10821934555389298
PRV55997,0,0.1769573128889009
PRV56655,0,0.169763042869957
PRV55999,0,0.29304202164400445
PRV51870,0,0.09950683475661386
PRV52971,0,0.09819152714041035
PRV51058,0,0.40620294432497533
PRV54859,0,0.11348456312397517
PRV51406,0,0.32659096079087707
PRV52847,1,0.9625565403677009
PRV57158,1,0.9525069423998622
PRV52469,0,0.18739517768172523
PRV51500,0,0.10010097412305431
PRV53535,0,0.10519917036694246
PRV54349,0,0.1129542890063987
PRV56995,0,0.0994849292138396
PRV55571,0,0.10463329242764938
PRV53985,1,0.9483708354323546
PRV54304,0,0.09604011426016844
PRV54316,0,0.10271410378941113
PRV52853,0,0.10339495322598236
PRV53555,0,0.10341706450443729
PRV55782,0,0.10080609628141134
PRV52758,0,0.09707692390303845
PRV54597,0,0.10129647389536538
PRV52123,1,0.9635650998705806
PRV53215,0,0.09759976052038849
PRV56821,0,0.09940235243479542
PRV56536,0,0.101278501604226
PRV55896,1,0.8874004001929975
PRV53952,0,0.10160093956654263
PRV53138,0,0.09830163337142724
PRV56642,0,0.12073984205715674
PRV53647,0,0.09892272085103791
PRV55912,1,0.942537764718315
PRV54263,0,0.0991423184636202
PRV51060,0,0.11860112437746503
PRV53815,0,0.09739600618822133
PRV54694,0,0.14863244901075537
PRV54471,0,0.1052560886185872
PRV54427,0,0.10652041420253379
PRV57547,1,0.8241661662863752
PRV53397,1,0.7107288787861997
PRV51459,1,0.9640026031439417
PRV56808,1,0.8885268122744757
PRV57391,0,0.10229332664773474
PRV53148,0,0.09862627514970583
PRV52825,0,0.10338585813477164
PRV57629,0,0.6860524757459023
PRV56453,0,0.10414794704937992
PRV55958,0,0.10069934730191805
PRV55405,0,0.11912546866659954
PRV56346,0,0.1105476498606915
PRV53207,0,0.10034442727912221
PRV55680,0,0.34499759167571153
PRV54747,0,0.10171079228548666
PRV56852,0,0.09973718472917427
PRV55240,0,0.3175431938780174
PRV53057,0,0.10523762469219623
PRV53474,0,0.09777869262539293
PRV54635,0,0.10768454060030033
PRV52864,0,0.11670105652355338
PRV51993,0,0.09645771322937481
PRV51831,0,0.10934375068918417
PRV54924,0,0.9208711498601356
PRV53689,0,0.5840007916158527
PRV52745,0,0.13504373213919793
PRV53992,0,0.19767499667954488
PRV56769,0,0.16724685088470523
PRV54520,0,0.10955565317121807
PRV55366,0,0.12847240762168025
PRV54810,0,0.1001655200861907
PRV57096,1,0.747206386854012
PRV53625,0,0.12033063842983449
PRV51611,0,0.09760516819119011
PRV55278,0,0.10357474190886122
PRV52742,0,0.10044939214875072
PRV51036,0,0.24318410781083874
PRV55235,0,0.1489380451342413
PRV54599,0,0.1057459830185419
PRV57710,0,0.13008815440502444
PRV51994,0,0.10314894427611059
PRV57510,0,0.9295330745641005
PRV53879,0,0.09725885209747777
PRV53731,0,0.097912609949722
PRV53232,0,0.11260659648040157
PRV54914,0,0.6797775924955622
PRV54523,0,0.09844025757133561
PRV52178,1,0.9626662526384482
PRV51470,0,0.11419709444451688
PRV53699,0,0.2696324847034547
PRV57358,0,0.11213111281619983
PRV57734,0,0.11153914423974064
PRV55945,0,0.09921318867013151
PRV55612,0,0.09624393993487101
PRV57117,1,0.9555864323645815
PRV53101,0,0.09756396888264139
PRV56078,0,0.0949181194340552
PRV56960,0,0.10580315638491292
PRV51044,0,0.10009796557136032
PRV52689,0,0.10149737511248362
PRV51123,0,0.11604464625195912
PRV56267,0,0.0987404286735428
PRV53443,0,0.15233501617367606
PRV53980,0,0.09660242442842533
PRV55198,0,0.09843844481526956
PRV57740,0,0.09323495234718003
PRV51298,0,0.10128103706015408
PRV52904,0,0.10402369073528035
PRV54840,0,0.09635274640061565
PRV52720,0,0.0975551353720525
PRV51074,0,0.11373896511754374
PRV54898,0,0.352241294832009
PRV52486,0,0.0944361200666548
PRV56610,0,0.33990817028052867
PRV56050,0,0.09437589907430849
PRV53377,0,0.108430870576416
PRV55726,0,0.09510608887154304
PRV52356,0,0.10300819602215536
PRV57147,0,0.09420248893672475
PRV57175,0,0.09876028921979046
PRV54114,0,0.46023842342757937
PRV51917,0,0.0928866959524641
PRV56318,0,0.09845213264550522
PRV51501,1,0.9622451921217123
PRV51924,0,0.10201528923841957
PRV56398,0,0.09655097972793927
PRV56013,0,0.10718206741615387
PRV55302,0,0.09619468519947713
PRV52439,0,0.10929785175992629
PRV57372,0,0.5688866977021265
PRV54438,0,0.2541344188453694
PRV55900,0,0.322927452293583
PRV53369,0,0.09934147501773037
PRV54166,0,0.09585964014636986
PRV55764,0,0.09526083778248735
PRV51361,0,0.09913033064618676
PRV54075,1,0.9620826114058867
PRV56671,0,0.24914795213935506
PRV57174,0,0.3857816606987662
PRV55097,0,0.09422862580171405
PRV51810,0,0.10939244350095492
PRV57402,0,0.09358270412855339
PRV55079,0,0.0952311828145181
PRV57741,0,0.09445625777957666
PRV56010,0,0.09527486907835878
PRV51908,0,0.10464957477255553
PRV51906,0,0.09456046398698026
PRV55183,0,0.9313500047871683
PRV52224,0,0.094907757539304
PRV56119,0,0.6313783728705211
PRV51086,0,0.9501358487752511
PRV51347,1,0.9630854951736192
PRV52905,0,0.10510343479727118
PRV52863,0,0.09876323136169364
PRV56220,0,0.12306736508414655
PRV56088,0,0.10319780173707334
PRV56976,0,0.09397342206687143
PRV53600,0,0.10731725346029576
PRV53669,0,0.09385076169773249
PRV53056,0,0.10307643620495432
PRV54086,0,0.09520448997211314
PRV51753,0,0.09402323981627676
PRV51749,0,0.09571254920528727
PRV56400,1,0.12680542761383043
PRV56843,0,0.09283804033263497
PRV51210,0,0.09357478628167462
PRV52513,0,0.09637728541461034
PRV56109,0,0.0988970397426684
PRV54916,0,0.8637610967089517
PRV55330,0,0.09263510316475025
PRV56477,0,0.09666213006908322
PRV56763,0,0.5947736067219674
PRV54727,0,0.10231261860690787
PRV54862,0,0.10555356019053713
PRV56229,0,0.09526687029891774
PRV54671,0,0.09848165849940214
PRV52443,0,0.09610341563252892
PRV52770,0,0.09546098579046812
PRV54496,0,0.10015550994527654
PRV54060,0,0.683305402013764
PRV54742,1,0.9653979762459358
PRV57416,0,0.09760292467738109
PRV57452,0,0.09509199938532567
PRV56669,1,0.9336094206191242
PRV54085,0,0.8500828419679002
PRV51729,0,0.10042486485938389
PRV56216,0,0.20381808458170306
PRV56719,1,0.3689646001167726
PRV53591,0,0.18455642415450801
PRV51515,0,0.30933087734989295
PRV51805,1,0.22431787994247715
PRV56418,0,0.09916699521648817
PRV57586,0,0.1834781354740326
PRV51796,0,0.09281294216603939
PRV53489,0,0.286318970413144
PRV56475,0,0.09479951925035406
PRV56741,0,0.11201400376745066
PRV51540,0,0.15154271724686003
PRV52124,1,0.763835928330971
PRV55214,0,0.11273400092233127
PRV52501,0,0.09533717341155948
PRV54662,0,0.10826432899477921
PRV51453,0,0.09933373196289341
PRV54551,0,0.09527258026722313
PRV52902,0,0.3082114516594282
PRV54814,0,0.10127388895568964
PRV53158,0,0.09391388450506909
PRV53713,0,0.10101979499041862
PRV57615,0,0.09335747043963857
PRV56235,0,0.862969743140349
PRV56474,0,0.1059191750297444
PRV57316,0,0.9577665547928016
PRV53608,0,0.11393118627611086
PRV52401,0,0.556104696710697
PRV56321,0,0.09721772976525496
PRV51412,0,0.09456743319529148
PRV54205,0,0.43069070749025434
PRV55197,0,0.10920709642386212
PRV57304,0,0.5435869305620809
PRV52512,0,0.09535243126527171
PRV51795,0,0.09738810274104907
PRV55727,0,0.10092127574323642
PRV56973,0,0.09390520455394324
PRV51057,0,0.10221610336753233
PRV54559,0,0.8398698308216445
PRV52312,0,0.16952281628385416
PRV54519,0,0.09527838358709965
PRV53607,0,0.0993614970048616
PRV56225,1,0.9610747334404194
PRV52561,0,0.10843285628546731
PRV55848,0,0.14505973557410803
PRV52889,0,0.9442074338447375
PRV57753,0,0.09358364870512795
PRV56730,1,0.9316247512632669
PRV53013,0,0.09370251822971969
PRV56740,0,0.09814750648444617
PRV55760,0,0.09562540936150424
PRV52377,0,0.09938805532009405
PRV55361,0,0.09543383505331934
PRV56011,1,0.9635265457673647
PRV55993,0,0.09645961212946733
PRV56981,0,0.09341032997365387
PRV51580,0,0.0932919041333079
PRV55904,0,0.09409197340503936
PRV53194,0,0.09953584419445076
PRV51480,1,0.9627475515920857
PRV56048,0,0.09452204799593232
PRV53000,0,0.26022666469272016
PRV54466,0,0.09564896627201411
PRV51307,0,0.09644332922962949
PRV55318,0,0.10212380285044682
PRV51331,0,0.10714561935223792
PRV51502,0,0.09587923430419297
PRV56606,0,0.6777826982773909
PRV56055,0,0.09333005429733233
PRV52941,0,0.09855394713593003
PRV54424,0,0.09525229177942697
PRV52530,0,0.09595131029646725
PRV52021,1,0.967696606043816
PRV51652,0,0.10182284629704115
PRV54890,0,0.29385032184077153
PRV52296,0,0.1017212437587655
PRV54271,0,0.10557305876695496
PRV55985,0,0.09544845843526159
PRV57514,0,0.09413850402474175
PRV53918,1,0.9695750695307267
PRV54053,0,0.09358270412855339
PRV53963,0,0.12678761758793455
PRV54182,0,0.09284184098741702
PRV55995,0,0.10817576388912149
PRV51030,0,0.9658826610097087
PRV56773,0,0.2305800997262734
PRV54350,1,0.9698906781078546
PRV54155,0,0.11414405205766162
PRV56476,0,0.09494215591704577
PRV54237,0,0.20139817235295002
PRV53440,0,0.13638377263298362
PRV54933,1,0.9492080125586432
PRV51635,0,0.11629390491358771
PRV56412,0,0.5839935738282171
PRV56280,0,0.09764940025462976
PRV51082,0,0.09573737461164245
PRV54225,1,0.1287384618876571
PRV53477,0,0.09839433963868718
PRV52365,0,0.5927892258891081
PRV57289,0,0.0973144828851859
PRV53002,0,0.8362605541634703
PRV51541,0,0.09571472871682588
PRV52633,0,0.16506217877488075
PRV51534,0,0.10450592677320278
PRV53269,1,0.9561364512709009
PRV55454,0,0.8599986982166947
PRV55376,0,0.10223105636120418
PRV56912,0,0.7582023307260034
PRV54760,0,0.7806450272343376
PRV52722,0,0.7067620600640583
PRV56953,0,0.09868588211549631
PRV56166,0,0.09708188575923057
PRV54794,0,0.09527208078782319
PRV54726,0,0.10675319432828571
PRV53940,0,0.0982892113497859
PRV51715,0,0.1287164901685712
PRV54046,0,0.10164186683648997
PRV51224,0,0.09656807138071866
PRV53780,0,0.09329618089934451
PRV51234,0,0.11655955432106192
PRV53995,0,0.09268479041908081
PRV57724,0,0.09645013415930047
PRV52052,0,0.12449284870395243
PRV52652,1,0.29428264567274287
PRV54173,0,0.09470332316712583
PRV53547,0,0.10133418484601533
PRV55043,0,0.10265062842728404
PRV57526,0,0.20002732302300005
PRV54129,0,0.0962970738780275
PRV56168,0,0.09330237649075354
PRV56965,0,0.09691865091321271
PRV53376,0,0.12163417477772526
PRV56891,0,0.10117899823930222
PRV56559,0,0.912694336562655
PRV54300,0,0.093761439182005
PRV56638,0,0.09617406015497923
PRV53266,1,0.9619685561412564
PRV52725,0,0.09570200183558714
PRV55028,0,0.9517326091723368
PRV52693,0,0.093132129046349
PRV53958,0,0.9535587682059836
PRV54886,0,0.09622737654610043
PRV56509,0,0.11259955504281204
PRV52875,0,0.09571707505245675
PRV53999,0,0.09610560153436311
PRV57440,0,0.09521082762483589
PRV54014,0,0.09464219783717066
PRV51897,0,0.10470233850091584
PRV52531,0,0.0954966882399636
PRV57356,0,0.11533727137526625
PRV57016,0,0.8458335884871722
PRV55136,0,0.3528944023082264
PRV55959,1,0.22387534635806056
PRV51242,1,0.4503705019606288
PRV53798,0,0.1015626843544979
PRV55774,0,0.17157111730305583
PRV51266,0,0.44714554288639524
PRV54489,0,0.09651653069856002
PRV51669,0,0.0996203586003646
PRV55473,0,0.09942066987589097
PRV53875,0,0.0953076207485077
PRV56241,0,0.1028872301642115
PRV52828,1,0.9061168469726816
PRV57322,0,0.13470174918329839
PRV53205,0,0.09473114288390219
PRV54023,0,0.09578825349405104
PRV53452,0,0.10730224223815664
PRV56873,0,0.09749481465776158
PRV52459,0,0.8875779998108213
PRV56907,0,0.0964918244261233
PRV57233,0,0.12545877102970135
PRV51490,1,0.922402844334443
PRV52136,0,0.9562025115701486
PRV56020,0,0.8553215034534524
PRV52782,0,0.0941425907795171
PRV56401,0,0.15266257201517852
PRV57255,0,0.11277007409496397
PRV52171,0,0.10210383484175391
PRV56314,0,0.0931795541797521
PRV53394,0,0.9676750123307499
PRV51037,1,0.934225166695972
PRV54572,0,0.09693623819302472
PRV53787,1,0.8884496584332946
PRV55355,0,0.0961948153925986
PRV52753,0,0.09301986591730267
PRV54068,0,0.09505911684869253
PRV55491,0,0.3525492852086943
PRV53921,0,0.8636946025902642
PRV55230,1,0.9690351332570082
PRV55580,0,0.10450503351220553
PRV55035,0,0.09310938207905707
PRV55679,0,0.892437091501387
PRV53873,0,0.33938989105783735
PRV52111,0,0.1712432291367903
PRV57530,0,0.8350965199788256
PRV55059,0,0.11188094611019948
PRV56309,0,0.09450213779291203
PRV53390,0,0.09655409273342495
PRV55121,0,0.6707698258968373
PRV51979,1,0.24562272887496361
PRV53116,0,0.10356251303770196
PRV53978,0,0.09439541449028399
PRV52174,0,0.09423100123531604
PRV56354,0,0.18546030242374748
PRV52372,0,0.9273095238245949
PRV56067,0,0.09395194068322957
PRV56243,0,0.965318729127512
PRV52930,0,0.12139647275498298
PRV54185,0,0.09292480836464381
PRV51712,0,0.09440797273889609
PRV57671,0,0.09512297558856858
PRV52344,0,0.9196093067198311
PRV57709,1,0.939421381904149
PRV55550,1,0.9491764847141481
PRV55811,0,0.10819615034539018
PRV56062,0,0.10492231287946212
PRV52482,0,0.09358270412855339
PRV53908,0,0.09433964051038962
PRV52800,0,0.10233089891016667
PRV52440,0,0.10086559255182019
PRV54183,0,0.09378165310682159
PRV56449,0,0.8725695372430156
PRV55432,0,0.10451724028260068
PRV52563,0,0.4734753563445488
PRV57102,0,0.3460581830378766
PRV56149,0,0.0978076048773896
PRV55862,0,0.09629245504236855
PRV56679,0,0.10252286946013121
PRV51016,0,0.09580245137589576
PRV51741,0,0.09444605684540061
PRV57394,0,0.09327544436362559
PRV55350,0,0.11183380835959679
PRV51101,0,0.10167904346887917
PRV54468,0,0.09828152780439453
PRV57528,1,0.6707889066150088
PRV56428,1,0.9197597226246125
PRV54411,0,0.10622082814109376
PRV57274,0,0.09513300041670339
PRV56352,0,0.200623312303008
PRV54012,0,0.09665839476502287
PRV51258,0,0.6667214853104878
PRV52130,0,0.7697783472080917
PRV52138,0,0.10824376634432863
PRV53009,0,0.13463405809130305
PRV55089,0,0.0936492472923084
PRV54879,1,0.9632517651227741
PRV56302,0,0.09378965939568072
PRV53352,0,0.12402805436508453
PRV55175,0,0.8011666321728247
PRV55674,0,0.09568995050241305
PRV57160,0,0.10148088981344681
PRV56931,0,0.09849863507117734
PRV57558,0,0.3069082713203324
PRV53565,0,0.09352165235112728
PRV53442,0,0.40144006239842717
PRV55951,1,0.9437781439833327
PRV54357,0,0.09345530715739962
PRV53793,0,0.09637752573499045
PRV51491,0,0.1470358972633657
PRV55078,0,0.10186937044453365
PRV57762,0,0.09505094281299709
PRV57490,0,0.7885841126283786
PRV53123,0,0.11110104985038564
PRV53149,0,0.10059870978457548
PRV51414,0,0.11458410403142903
PRV54773,0,0.9197948809976628
PRV53584,0,0.1136804625208162
PRV55815,0,0.10565065307324908
PRV51185,0,0.09471088643963095
PRV51965,0,0.0975473601815808
PRV54718,1,0.9414820727737823
PRV52295,0,0.09658487085679253
PRV55507,0,0.21438849008456667
PRV52434,0,0.09599417177087574
PRV55677,0,0.10210257349495247
PRV52490,0,0.09564134792169156
PRV55053,0,0.11094002916279472
PRV56171,0,0.11447268701056014
PRV51255,0,0.1061246211561468
PRV53982,0,0.09557997897721289
PRV54103,1,0.5307943436322898
PRV56653,0,0.11169646055460246
PRV51747,0,0.09421957040540509
PRV53632,0,0.10074571593541028
PRV57603,0,0.11389469488300488
PRV57215,0,0.2609305640429443
PRV54849,0,0.09440400400947131
PRV57501,0,0.09541570864223396
PRV51287,0,0.09769584235425859
PRV55519,1,0.6547197070648713
PRV56337,0,0.1029907407344666
PRV53075,0,0.09428010151241603
PRV54575,0,0.9508221471489331
PRV52935,0,0.6519155823592826
PRV52002,1,0.938965159269632
PRV56835,0,0.11007958273265381
PRV54536,0,0.09292537184901964
PRV52929,0,0.09520630642501617
PRV53956,0,0.1526679338274392
PRV52816,0,0.14942613947591843
PRV56016,0,0.09633121775921115
PRV54695,0,0.09942268212805623
PRV52431,0,0.10138983031809791
PRV54431,0,0.09479907430740293
PRV56731,1,0.6911066744834498
PRV55822,0,0.3476120867702484
PRV53655,0,0.09437589907430849
PRV52160,0,0.10373416258559702
PRV56889,0,0.504821274803719
PRV57331,0,0.8606459398322842
PRV54691,0,0.49180701902171453
PRV55271,0,0.11281168988222688
PRV53775,0,0.09966052464867106
PRV55831,0,0.4146127018567638
PRV52841,0,0.09685998229786268
PRV55128,0,0.7796217439066111
PRV55412,0,0.0987780569029038
PRV54623,0,0.11266453576636226
PRV57613,0,0.09390848994526624
PRV57400,0,0.7017066879082918
PRV54875,1,0.8368694449753707
PRV53503,0,0.09658077058241665
PRV51708,0,0.09906276470629087
PRV51851,1,0.9621573204501972
PRV54116,0,0.10360674998867513
PRV51767,0,0.09323150004130092
PRV55599,0,0.10195087670592158
PRV55634,0,0.09656750956739087
PRV53462,0,0.09841057173031616
PRV55305,0,0.09817714707967266
PRV53305,0,0.09736808220836976
PRV55210,0,0.21215777518735396
PRV55983,0,0.7702433729551094
PRV51303,0,0.12447656748033423
PRV51267,0,0.0999329155006966
PRV51455,0,0.6155072771529307
PRV52427,0,0.1433966759639917
PRV55083,0,0.11675186926345833
PRV56572,0,0.1038247211389328
PRV54955,1,0.9676762248371741
PRV55927,0,0.11933617903342172
PRV57063,0,0.09328645083342212
PRV54084,0,0.18715601114022934
PRV53257,0,0.09889896279584823
PRV54420,0,0.0930599110633491
PRV55625,0,0.10187530552745304
PRV57426,0,0.1040817806131646
PRV57363,0,0.09577687997734734
PRV52249,0,0.09799289130802871
PRV53064,0,0.10424311485983444
PRV54565,0,0.9252151761469665
PRV51226,0,0.12082385138615342
PRV51938,0,0.10678914560003401
PRV52049,0,0.11380491762546556
PRV53380,0,0.11940227509891657
PRV52631,0,0.41817977813578927
PRV52795,0,0.09884967621997558
PRV56571,0,0.2091268271078063
PRV54497,0,0.12657018278465773
PRV54822,1,0.6593795409876385
PRV51380,0,0.14080270548240587
PRV51167,0,0.11123424248311753
PRV53392,0,0.09816392096738154
PRV51596,0,0.11926608233587196
PRV52109,0,0.10630270537883575
PRV57760,0,0.0952601899429749
PRV53212,0,0.09377447799000418
PRV54549,0,0.09320772765133749
PRV54764,0,0.7767158642708663
PRV56289,0,0.1060977947955054
PRV51674,0,0.09301014180455222
PRV55768,0,0.1243596185437733
PRV56685,1,0.9603388052277705
PRV53757,0,0.10332089705677314
PRV52467,1,0.6534713261792684
PRV56971,0,0.09315148713570176
PRV53698,0,0.11097711585857309
PRV53586,0,0.1058833385173161
PRV52483,0,0.24170490846950665
PRV51607,0,0.09778228042896076
PRV56904,0,0.12340416378103539
PRV56288,0,0.10306938119400277
PRV56521,0,0.09631250999984597
PRV55225,1,0.8882977894014347
PRV54163,0,0.09976925120784726
PRV55448,0,0.1031003594542339
PRV54510,0,0.10735415571769982
PRV57557,0,0.1103462612969616
PRV57051,0,0.09271320566077423
PRV53385,1,0.9697505839573501
PRV54284,0,0.744378842902138
PRV56305,0,0.09446668495652642
PRV51655,0,0.09441854023409842
PRV51014,0,0.10851830170042415
PRV56003,0,0.1548711159079159
PRV56563,0,0.3757481645442275
PRV54681,0,0.13413326711634785
PRV56141,0,0.09491319699881454
PRV54367,1,0.96911006174934
PRV55276,0,0.10404403858822914
PRV53159,0,0.10524099865516208
PRV51624,0,0.09359561230786005
PRV55918,0,0.09953269727213244
PRV54863,0,0.09325516806904473
PRV54013,0,0.15105997297803903
PRV56693,0,0.12037494837401802
PRV51784,0,0.09592595578071907
PRV54231,0,0.1784618464067114
PRV54569,0,0.887936013300228
PRV52636,0,0.10073197626208026
PRV53531,0,0.09600698325518967
PRV55806,0,0.0938420966212067
PRV54619,0,0.09894086955717483
PRV55639,0,0.09274323074416051
PRV53277,1,0.7572247702054538
PRV51382,0,0.09955948355838715
PRV56133,0,0.6681192958718839
PRV51798,0,0.09508499727665935
PRV52188,0,0.8832017072221047
PRV56918,1,0.7898482585918336
PRV51576,0,0.25064621664076114
PRV56935,0,0.09763099570462572
PRV54460,0,0.10982145831363824
PRV55749,0,0.0941854976849534
PRV53374,0,0.5881575236052842
PRV51132,0,0.10272121268674181
PRV55939,0,0.9396052278808432
PRV55941,0,0.09615126029192185
PRV54194,0,0.0947521298495925
PRV57213,0,0.09911750388448043
PRV51848,0,0.09764940015930429
PRV56604,0,0.09728535581358368
PRV52032,1,0.9251215423884662
PRV53438,0,0.14034677347369823
PRV54187,0,0.09831647849741897
PRV53558,0,0.09856875995647488
PRV56797,0,0.09418513482352586
PRV52454,0,0.10720469980101296
PRV57315,0,0.09408769554429418
PRV52352,0,0.0947065310012664
PRV51732,0,0.09477788017662522
PRV54999,0,0.18837146157372436
PRV52706,0,0.17087212858288137
PRV56811,0,0.4964829132875272
PRV54242,0,0.12041019698781157
PRV56680,0,0.23776175964651505
PRV54179,0,0.09399557407938432
PRV55423,0,0.09537729522861144
PRV55215,1,0.968550856515721
PRV53527,0,0.09579059462175217
PRV55027,1,0.8377641913918555
PRV51847,0,0.09572117925408984
PRV56417,0,0.11901971014888123
PRV54716,0,0.13976684595869168
PRV56256,0,0.20472774996389512
PRV54178,0,0.09386277580852002
PRV56556,0,0.967507247129431
PRV53526,0,0.09941549936616084
PRV51797,0,0.10024258053906997
PRV54044,0,0.092836410413061
PRV51435,0,0.11906759026415265
PRV53628,0,0.13373470574859517
PRV51585,0,0.15919100653310092
PRV51363,0,0.09461803271655354
PRV54306,0,0.12030105395208686
PRV51297,0,0.18327874244080905
PRV55012,0,0.09913420031222597
PRV53589,0,0.09595529388095249
PRV52537,0,0.13443452739037035
PRV54959,0,0.23867863547374227
PRV51324,0,0.09442572410754249
PRV56663,0,0.7895281673687746
PRV56605,1,0.34633855282074844
PRV56798,0,0.09665051037102879
PRV51105,0,0.09479833826430194
PRV52845,0,0.8503876901981079
PRV51829,0,0.11984376498972821
PRV54283,0,0.09487540370822233
PRV51754,0,0.09461916792630215
PRV51947,0,0.10616517637526175
PRV55289,0,0.09409015176430605
PRV51119,1,0.9678494102952672
PRV54983,0,0.10098385251801546
PRV55099,0,0.10121942483815574
PRV57397,0,0.12003292158084843
PRV55856,0,0.104700608301559
PRV56248,0,0.6931618221244837
PRV54621,0,0.10285770440063184
PRV51536,0,0.10109744186947117
PRV52154,0,0.2001216708621373
PRV56917,0,0.11194433017875766
PRV51104,0,0.10328118855277701
PRV56697,0,0.10539070461276849
PRV54480,0,0.10955049708942295
PRV53144,0,0.16201490550267733
PRV54065,1,0.8806755604352776
PRV51564,0,0.09934021229045806
PRV56545,0,0.10509601989219293
PRV56895,0,0.43031704109698143
PRV57011,0,0.10973330336749813
PRV57049,1,0.9027953398202636
PRV55818,0,0.09723271942104168
PRV55846,0,0.9544094943378784
PRV52369,0,0.3715463024379502
PRV57646,0,0.09681590893653493
PRV52578,1,0.9263364327856457
PRV57108,0,0.19928691452315592
PRV53320,0,0.2276260707107505
PRV56864,0,0.09515405603694563
PRV56433,0,0.10187901317215968
PRV51154,0,0.11887655113245077
PRV52062,0,0.10276286001210828
PRV51186,0,0.0933119498983848
PRV57030,1,0.620023063259432
PRV52796,0,0.10196444953860907
PRV54873,0,0.0956146295180845
PRV54119,0,0.09714519637701641
PRV54683,0,0.12104643341409761
PRV56970,0,0.09525410036339209
PRV55486,0,0.09438998393694957
PRV52217,0,0.09806390547262614
PRV53143,0,0.3458924981766319
PRV52726,0,0.09291749234544514
PRV51718,0,0.09298147190349801
PRV57463,0,0.10582589715840734
PRV51922,0,0.10724589414657411
PRV53427,0,0.10076700203166622
PRV56395,0,0.3793088965431791
PRV56771,0,0.10564294633953222
PRV55118,0,0.0961039658963436
PRV55375,1,0.5906782447106199
PRV51308,0,0.10497530831252982
PRV54388,1,0.1194630109721305
PRV51526,0,0.13365749071772468
PRV53502,0,0.10415395672656177
PRV53247,0,0.1181385374361041
PRV51830,0,0.10661302360834957
PRV55285,0,0.09312564475582545
PRV54472,0,0.10246337193759292
PRV55494,0,0.09644100486858759
PRV51248,0,0.11679712256454333
PRV54207,0,0.10755204334553363
PRV53901,0,0.09479397791596203
PRV51801,0,0.09736012662255154
PRV56272,0,0.09649677996559855
PRV53310,0,0.09722803138470275
PRV54783,0,0.10974335608133734
PRV52580,0,0.10127019505598128
PRV54610,0,0.11121281094544906
PRV55714,0,0.11252149624564592
PRV56868,0,0.09685436004036867
PRV52118,0,0.27990605543788666
PRV52654,0,0.5339899935873473
PRV53423,0,0.13248954155081932
PRV51468,0,0.2514886539960927
PRV52073,0,0.9592655708408212
PRV55171,1,0.8609640502702284
PRV53067,0,0.09763597788359743
PRV54289,0,0.1188261772908654
PRV57381,0,0.11148744072541454
PRV52311,0,0.10214869576559528
PRV57133,0,0.09726778242598944
PRV54123,0,0.09958233896996081
PRV57448,0,0.1300968318238252
PRV57694,0,0.09532870555348115
PRV53941,0,0.1995948104344914
PRV51723,0,0.09722335553972415
PRV53944,0,0.11282613136963464
PRV53065,0,0.10416992494028188
PRV55549,0,0.11891670689877547
PRV57209,1,0.9599999985796142
PRV52381,0,0.10722484010009674
PRV54973,0,0.16827601532938474
PRV51203,0,0.10660536148399051
PRV53356,0,0.10500141487082655
PRV54352,0,0.09370353069529505
PRV51631,0,0.09329634273028332
PRV52754,0,0.0932204011635031
PRV52267,0,0.27559730090262213
PRV55561,0,0.09766386875610233
PRV53071,0,0.10210439120805996
PRV57705,0,0.09629690507412002
PRV54028,0,0.09505702839829594
PRV55751,0,0.09285221857042478
PRV56659,0,0.12692445983324857
PRV52282,0,0.31208969178547474
PRV54526,0,0.09984173123561321
PRV53317,0,0.12282981374495144
PRV55565,0,0.0942020253654028
PRV55744,0,0.09466842695706673
PRV51874,0,0.09654079009907615
PRV54591,0,0.10280084214410701
PRV54860,0,0.11251646964359749
PRV52602,0,0.41243808116609026
PRV51342,0,0.9502853086157186
PRV52630,1,0.9598350641376279
PRV57162,1,0.8928315997772036
PRV51528,0,0.09570270949921118
PRV52818,0,0.09682336270391759
PRV52810,0,0.19998215683270493
PRV51653,0,0.11377257812171894
PRV55572,0,0.0946034939998106
PRV51923,0,0.09958738350498178
PRV55926,0,0.09604478062823957
PRV56201,0,0.10296702062378231
PRV51451,0,0.09377782148037778
PRV57580,0,0.10631025242052625
PRV57061,0,0.10338793949030145
PRV51702,0,0.09695897997025069
PRV55821,1,0.7528445494206534
PRV56856,0,0.10983344869638813
PRV52420,1,0.19856619012935586
PRV57489,0,0.8847229759713109
PRV57389,0,0.09421052889458217
PRV51354,0,0.0940675408088707
PRV51658,0,0.09296511168407502
PRV55335,0,0.10940345660295724
PRV56554,0,0.09655553971844037
PRV54574,0,0.10080597543228251
PRV52990,1,0.8724180825104707
PRV52196,0,0.09480839554889701
PRV53342,0,0.10989982692769018
PRV53472,0,0.0949779758674991
PRV55796,0,0.09293028120600093
PRV51886,0,0.09553286287982048
PRV53885,0,0.16265188671878325
PRV57284,1,0.6776605921243084
PRV53960,0,0.805268436885679
PRV51569,0,0.09411946525716129
PRV56187,0,0.0953755988530238
PRV53667,0,0.5420940339332542
PRV56928,0,0.09987937082306828
PRV51820,0,0.10163605095633023
PRV51726,0,0.09830217797677299
PRV55615,0,0.0932204011635031
PRV57207,0,0.10525240274459707
PRV53227,0,0.10590981969835313
PRV53444,0,0.36155551168212946
PRV55208,0,0.2009675554471187
PRV52698,0,0.1167841459826457
PRV53611,0,0.10002135899689207
PRV52783,0,0.09684803676240653
PRV56375,0,0.10013062114779699
PRV54903,0,0.13812481515123193
PRV51263,1,0.9198040559923084
PRV53164,0,0.09462720754779838
PRV54348,0,0.9659844789247872
PRV55828,0,0.11818868728887329
PRV51987,0,0.09448914960561403
PRV52907,0,0.17408614123895533
PRV57125,0,0.302771436809859
PRV52278,0,0.8022869529340394
PRV51902,0,0.09961731764812505
PRV54795,0,0.0944779449215187
PRV53032,0,0.31434471611713344
PRV56232,0,0.10443327063317336
PRV54508,0,0.10296124791378944
PRV52520,0,0.11098007736524551
PRV56978,0,0.10566250209808359
PRV57043,0,0.09624927886926007
PRV51329,0,0.10218805071893362
PRV57429,0,0.12627554137019273
PRV52095,0,0.10956914941116586
PRV52877,0,0.09502543672876106
PRV52774,0,0.09383394021271604
PRV55206,0,0.1013517973602839
PRV56715,0,0.16207433229150378
PRV54986,1,0.9675239777600482
PRV55508,0,0.09794671100642638
PRV51118,0,0.27423969296781187
PRV56645,0,0.09720244366034896
PRV52922,0,0.28793402918170663
PRV52113,0,0.1083799021040381
PRV54354,1,0.9078102283883115
PRV52566,0,0.9088063814742666
PRV51052,1,0.10637155349720795
PRV52677,0,0.09380006993866942
PRV57624,0,0.12866808339197547
PRV53874,0,0.11158757174671984
PRV57365,0,0.14350835364254366
PRV52014,0,0.11606138693458248
PRV52393,0,0.928573710346575
PRV56990,0,0.1111400382425965
PRV52433,0,0.11112767822953228
PRV55602,0,0.10101955550525256
PRV56439,0,0.2003494401181123
PRV54910,0,0.14049232644836485
PRV54993,0,0.8673282874894507
PRV53355,0,0.09316790837285362
PRV56560,1,0.9701938216212601
PRV52548,0,0.12460800822024158
PRV52403,0,0.16356181094035177
PRV53220,0,0.4145066422301779
PRV54325,0,0.18996058343864147
PRV52645,0,0.1124118487748368
PRV56901,0,0.10912496490713017
PRV52648,1,0.9431336928272036
PRV51630,0,0.0983526177985757
PRV54799,0,0.09310001272685826
PRV52445,1,0.45327372852812015
PRV51509,0,0.8580821913060371
PRV53370,0,0.1003345630764455
PRV56411,0,0.5803215767019048
PRV56124,0,0.15246112831374628
PRV52586,0,0.11645577011681923
PRV57166,1,0.8852161906993413
PRV57672,1,0.10742866322026748
PRV52701,0,0.1066394657409344
PRV54050,0,0.09304985907001
PRV56134,1,0.9621994184105146
PRV57182,0,0.1588010686227933
PRV54122,0,0.09323742498301035
PRV51395,0,0.09730473394979745
PRV51349,0,0.35044512517711673
PRV51249,1,0.9556675963457193
PRV55345,0,0.09816486736257714
PRV54107,0,0.09785205275428063
PRV52340,1,0.9700720060585459
PRV53360,0,0.11061907304181798
PRV56802,0,0.600805440668496
PRV53761,0,0.0948261447661961
PRV52808,0,0.10948663895443417
PRV51668,0,0.09887970378119156
PRV51336,0,0.4393959408057509
PRV55913,1,0.9602809685384701
PRV54918,1,0.9655458497480759
PRV57157,0,0.8323482498743061
PRV55892,0,0.33243253663390204
PRV52638,0,0.09327263483367657
PRV54251,0,0.26873910027276543
PRV53040,0,0.16432536602484862
PRV53391,0,0.10799974107809347
PRV53177,0,0.09423090233712984
PRV51364,0,0.12415998922748177
PRV55700,0,0.17530121233506932
PRV55887,0,0.36061203146272275
PRV56030,0,0.14029700915890345
PRV53670,1,0.8086876025132657
PRV52460,0,0.3543293404837054
PRV52659,0,0.09417477971354506
PRV52629,0,0.09785457307039405
PRV51762,0,0.0927312162146698
PRV55342,0,0.09532623980407207
PRV54407,0,0.09874049524607702
PRV57150,0,0.10187875356916455
PRV52057,0,0.596014055700529
PRV57140,0,0.0928659361980605
PRV52942,0,0.09569729920809775
PRV53769,1,0.9663590435931644
PRV57218,0,0.13406069168113446
PRV57247,0,0.09339922972385532
PRV55699,0,0.1161939291812145
PRV54132,0,0.09275979748889777
PRV51742,0,0.09481649720814461
PRV55445,0,0.18013750748244883
PRV51040,0,0.18927854953905507
PRV55671,0,0.10058357892094948
PRV52928,0,0.1197668817147257
PRV55048,1,0.9635599887475721
PRV57638,0,0.6918027728121842
PRV52077,1,0.9691022959519677
PRV55037,0,0.882315600804326
PRV57144,0,0.3236973215411811
PRV51309,0,0.09685082561431009
PRV53721,0,0.09370786798431167
PRV55462,1,0.9704024272595052
PRV52227,0,0.0952735552785388
PRV51878,0,0.0951773788248321
PRV57004,0,0.10895580939950862
PRV53596,0,0.09588522034131192
PRV52349,0,0.09750412455842082
PRV56224,0,0.12412962525749961
PRV54628,0,0.09497695154517531
PRV55413,0,0.09469177997269754
PRV55834,0,0.9061289856202228
PRV56662,0,0.1675203569767124
PRV54213,0,0.7769329429368268
PRV55984,0,0.1217596423389633
PRV55155,0,0.4241628945421597
PRV54692,1,0.8857832736878458
PRV52256,0,0.10330883128990898
PRV54968,0,0.5231573953779024
PRV51998,0,0.09662757901529359
PRV54025,0,0.09556120635709657
PRV57017,1,0.93618601549374
PRV51967,0,0.09637328525472869
PRV54240,0,0.10217274988009294
PRV54055,0,0.6774996167593613
PRV51934,0,0.10385338366124419
PRV52535,0,0.10076439028052166
PRV51004,0,0.10155337911034559
PRV53925,0,0.5955054134906899
PRV51996,0,0.09879722004221264
PRV54454,0,0.11704430507435595
PRV51410,1,0.9417619186205597
PRV56739,0,0.09547935963485517
PRV55449,0,0.10913119020320881
PRV52509,0,0.7756885439646906
PRV54937,0,0.1371859027011096
PRV51613,0,0.10671164712413016
PRV53069,0,0.09730038849543983
PRV55005,0,0.9174962368444112
PRV54499,0,0.09757202364329032
PRV53308,0,0.5679364910505125
PRV55438,0,0.24958107918195438
PRV55279,0,0.10938615604270119
PRV53588,0,0.1039498951737332
PRV51130,0,0.09411722051995874
PRV55042,0,0.5709177363564236
PRV51858,0,0.0974266574910896
PRV53876,0,0.12195938952087469
PRV53746,0,0.10421769332152858
PRV55606,0,0.2018175249168011
PRV54002,0,0.09545638024881958
PRV56143,0,0.1007106393017757
PRV56939,0,0.09844353746900328
PRV51855,0,0.4104970499001448
PRV54831,0,0.1094548998343983
PRV54109,0,0.09582975576390872
PRV53284,0,0.27471388266293667
PRV54089,0,0.30711127801139865
PRV52074,0,0.6673456622189379
PRV54324,0,0.9355200306908872
PRV52896,0,0.9479784205702322
PRV56989,0,0.09349895063486888
PRV56755,0,0.14604844253437618
PRV57282,1,0.10132583663276007
PRV56351,0,0.10484535398592076
PRV52985,1,0.9704069971329223
PRV51921,0,0.10299875029157493
PRV52290,0,0.16162110999433446
PRV57168,0,0.09882393826020175
PRV57345,1,0.8960359004082522
PRV52082,0,0.0969061271442106
PRV57618,0,0.20854805741189883
PRV54377,0,0.10434450679050698
PRV54708,0,0.0953030452978372
PRV53340,0,0.09868394228260408
PRV54798,0,0.09255591091533016
PRV57625,0,0.1079237607606439
PRV55071,0,0.10192468941411183
PRV55029,0,0.6814321973129147
PRV56748,1,0.9691262415704069
PRV53513,0,0.09568011694719708
PRV53223,0,0.10104326177261666
PRV57763,0,0.1450481643473311
PRV57474,0,0.09321198137648562
PRV54016,0,0.09447887293291643
PRV53979,0,0.10366009210980644
PRV57087,0,0.10676724315801554
PRV52925,0,0.10979513233204855
PRV53073,0,0.09340434691095478
PRV54120,0,0.09338761882240498
PRV54966,1,0.9556693118306508
PRV56910,0,0.10502674180825167
PRV54864,0,0.09500807539303988
PRV51396,0,0.10031685252212254
PRV57521,0,0.2595708310335543
PRV57716,0,0.09533569015338954
PRV51405,0,0.10079510629527036
PRV54201,0,0.10349815855569025
PRV52500,0,0.17914558489065036
PRV54111,1,0.962696989101168
PRV56350,1,0.9657351173775474
PRV54796,0,0.09307885074350829
PRV54701,0,0.09458352995143875
PRV52842,0,0.9521138719240354
PRV52989,1,0.9664621923970975
PRV52684,0,0.591399418159174
PRV56809,0,0.11843865190420406
PRV53791,0,0.1339294808447299
PRV52140,0,0.09778694489258552
PRV53283,0,0.5367086061206927
PRV56330,0,0.09517101874234966
PRV53221,0,0.09714109856497741
PRV52886,0,0.15881308413533662
PRV52533,0,0.10442396153721475
PRV57519,0,0.34264321766082434
PRV52901,0,0.10191527862200865
PRV54396,0,0.10618847484115697
PRV52448,0,0.0936758403639505
PRV56251,0,0.09714729420335778
PRV56712,0,0.12950523724446966
PRV54340,0,0.19048149364981248
PRV57081,0,0.9437439742722292
PRV51587,0,0.095431487092324
PRV56634,0,0.1680587296760433
PRV55569,0,0.09647425907440131
PRV57631,1,0.8493553396233748
PRV52099,0,0.10153006514467108
PRV54039,0,0.10254400525660741
PRV54817,0,0.09790441261694711
PRV54145,0,0.09803696109027804
PRV51706,0,0.08164051004907938
PRV54298,0,0.08879792725963531
PRV51483,0,0.10473062900658565
PRV52102,0,0.08219645189427567
PRV55732,0,0.8655664636402279
PRV51221,0,0.09735483799932297
PRV56932,0,0.08410803621751163
PRV56725,0,0.26125139494890437
PRV54821,0,0.11791506280122685
PRV55503,0,0.7859199192975129
PRV56996,0,0.08181927528008179
PRV57136,0,0.08538196202159817
PRV52357,0,0.44810842085336977
PRV57536,0,0.08385089902904369
PRV53772,0,0.08336162752408645
PRV57680,0,0.08390197667868882
PRV51816,0,0.09341037660431221
PRV54693,0,0.09702414914072341
PRV56705,0,0.2469296837041927
PRV56863,0,0.08571720149965253
PRV56778,0,0.273239017671516
PRV57113,0,0.09043280063493418
PRV53871,0,0.8891285483338168
PRV53569,0,0.0814870683843639
PRV51265,0,0.11337653250692335
PRV52570,0,0.39955909616039054
PRV54888,0,0.11782794484764926
PRV53242,1,0.9694716606711048
PRV55120,0,0.21510075570917422
PRV56585,0,0.09442884726373794
PRV51899,0,0.0817847084352452
PRV56102,0,0.1725729905567178
PRV57075,0,0.09493140100224877
PRV51362,0,0.35187277520387067
PRV57643,0,0.6182015713791145
PRV54317,0,0.09306982154220188
PRV57053,0,0.09682714192230674
PRV57719,0,0.5541647238651516
PRV52717,0,0.907342281244502
PRV55598,0,0.24455302599040335
PRV55386,0,0.09395522469089825
PRV54379,0,0.9114397150735172
PRV52221,0,0.0815403740739277
PRV55185,0,0.7735751335525476
PRV53763,1,0.9555028342196309
PRV52104,0,0.9043852833578313
PRV57359,0,0.09043065956548303
PRV57575,0,0.08193129984370325
PRV51618,0,0.08335615968939399
PRV51542,1,0.967638012848806
PRV57039,0,0.08469566356471173
PRV56595,0,0.08415853943604029
PRV54639,0,0.3832834019313103
PRV53300,0,0.11734884718414251
PRV51789,0,0.08427517630749079
PRV56040,0,0.08658125565863484
PRV54469,0,0.08704590884914042
PRV52173,1,0.9599803625182018
PRV55712,0,0.08277358818832213
PRV53359,0,0.11042470924835265
PRV53090,0,0.20877212862943892
PRV51351,0,0.08318492962263063
PRV51604,1,0.9611995340151379
PRV53700,0,0.8241263444458389
PRV53104,0,0.9454645180097775
PRV57614,0,0.11248882984069969
PRV51640,0,0.08652194628525858
PRV57721,0,0.0812009683019079
PRV54449,0,0.08112049770789233
PRV53378,0,0.19137561557223612
PRV56046,0,0.6915477355803333
PRV52421,0,0.08721827823936451
PRV55787,0,0.08171886839389333
PRV56184,0,0.0902924141830964
PRV52821,1,0.9623920041321015
PRV57048,0,0.08366669553969641
PRV53027,0,0.08390794747261708
PRV56667,0,0.08489141496914948
PRV52926,0,0.307939278148426
PRV51738,0,0.08205152588128489
PRV53794,0,0.09052331044078456
PRV56982,0,0.086242809670323
PRV56269,0,0.4387392235068747
PRV55160,0,0.5402143982332818
PRV56986,0,0.08117963469495248
PRV56745,0,0.11099744667804513
PRV51397,0,0.08162870621653821
PRV56498,0,0.08748126141789771
PRV52752,0,0.08520906951518094
PRV57597,0,0.169423669762775
PRV56790,0,0.08815210938733835
PRV51178,1,0.864560604837417
PRV51641,0,0.08693862597488214
PRV55682,0,0.34785913820999786
PRV52273,0,0.0836691819789813
PRV53593,0,0.08293018653129514
PRV52768,0,0.08806204257781888
PRV53577,0,0.08191276106897416
PRV51812,0,0.10520467777589274
PRV56076,0,0.08156468870034182
PRV57196,0,0.22111763106810917
PRV56947,0,0.08348367191450524
PRV53225,0,0.7341867606625854
PRV56339,0,0.08434804776664176
PRV57073,0,0.7965493591434631
PRV55442,0,0.4279920855702737
PRV56366,0,0.08228838403071648
PRV53697,0,0.9569941033863899
PRV51610,0,0.14717710983770346
PRV51300,0,0.27054803328362886
PRV57737,0,0.0877722202301405
PRV52400,0,0.10509815950554116
PRV55131,0,0.10022217206280133
PRV56111,0,0.09072718737711497
PRV54883,0,0.09205570939468863
PRV55123,0,0.08193544728670821
PRV54323,1,0.08328975226146236
PRV52281,0,0.9234534192499936
PRV53659,0,0.08512015474239201
PRV51460,0,0.8468406433115828
PRV53977,0,0.08826804809991046
PRV51925,0,0.08278399447344222
PRV52323,0,0.09572509647525182
PRV57077,0,0.09793045049819601
PRV55410,0,0.08225323145619189
PRV52642,1,0.9624626335714035
PRV56547,0,0.13001761550342344
PRV52727,0,0.08504710967901617
PRV54554,0,0.09979810275316528
PRV51990,0,0.08451835744692039
PRV54784,0,0.08494165270607004
PRV56717,0,0.08563977043228982
PRV53228,0,0.08533959357709021
PRV54384,0,0.0974550016980716
PRV52861,0,0.08222166348117982
PRV56349,0,0.9547415050457082
PRV55656,0,0.0847314454278863
PRV56388,0,0.08261158047166743
PRV54785,0,0.08468595692411986
PRV55551,0,0.08511792853920191
PRV56185,0,0.08185978395776344
PRV53729,0,0.09012196710425704
PRV52336,0,0.0831952550568863
PRV53363,0,0.08902161495843741
PRV53922,0,0.0830287045460055
PRV55788,0,0.08193943642260641
PRV55518,0,0.844893990615422
PRV55077,0,0.0818286819686625
PRV54197,0,0.08189221771802227
PRV56941,0,0.08257909511951228
PRV53812,0,0.08362984705014441
PRV53091,0,0.10150845453390102
PRV54710,0,0.08355681550454562
PRV57067,0,0.08965159648507537
PRV55974,0,0.21055338663368575
PRV52383,1,0.08605850599739599
PRV51301,0,0.6034830856216696
PRV55745,0,0.0894083378221949
PRV53393,0,0.08621880832019979
PRV55384,0,0.101021404109665
PRV54422,0,0.08363495877536417
PRV57522,0,0.08184350231912792
PRV56916,0,0.48690686782854353
PRV54552,0,0.09219597091110113
PRV56221,0,0.788734783268923
PRV54142,0,0.08631083734772747
PRV54048,0,0.08115324077873569
PRV55110,0,0.08934350426078526
PRV53063,0,0.08398559724877726
PRV53078,0,0.08676316473558497
PRV56114,0,0.09294606629280804
PRV56775,0,0.10510329626654345
PRV56211,0,0.08546059341017516
PRV54228,0,0.9465648811548626
PRV53099,0,0.08284802846213143
PRV51891,0,0.085457045677922
PRV55400,0,0.14261035399951344
PRV52415,0,0.08647700781668413
PRV56718,0,0.09231188536952965
PRV56984,0,0.08307256370447068
PRV52302,0,0.8085131064341692
PRV57700,0,0.10409665567800969
PRV51025,0,0.38476784851117857
PRV55339,0,0.0836983343791742
PRV55759,0,0.08393521610589008
PRV56887,0,0.08408814727825445
PRV57659,0,0.0947733376720917
PRV55804,0,0.0816406811133191
PRV56531,0,0.0831773910275887
PRV57404,0,0.466545521201843
PRV57225,0,0.8451263040928392
PRV51713,0,0.08300980259400549
PRV53719,0,0.08216739922056136
PRV57097,0,0.08605340805811705
PRV52240,0,0.0846759480711828
PRV52893,0,0.15346603171624076
PRV52143,0,0.08267423736125142
PRV55969,0,0.5485355348473546
PRV52918,0,0.589810927957913
PRV55273,0,0.08841557146444484
PRV54627,0,0.08514401009776977
PRV52738,0,0.0861921982509193
PRV55411,0,0.08389477498711331
PRV55220,0,0.08333925750535326
PRV53938,1,0.9528585780517045
PRV54452,0,0.08282046702662832
PRV52772,0,0.08146837945356183
PRV55608,0,0.08258744782625231
PRV52205,0,0.09026779883803565
PRV56530,0,0.0816583310094717
PRV55163,1,0.5491912340393701
PRV57407,0,0.12944942326749548
PRV51623,0,0.10221206159799173
PRV55733,0,0.0867711299597858
PRV53001,0,0.09175758283529677
PRV54040,0,0.08314837086370513
PRV57340,0,0.918730089593816
PRV52257,0,0.08226414262892472
PRV54867,0,0.082624090106012
PRV56285,0,0.8094814471253674
PRV51425,0,0.08429006277129433
PRV57291,0,0.08295270072000038
PRV57553,0,0.08302669075699554
PRV56415,0,0.0823719989428717
PRV56992,0,0.09989352045405324
PRV53648,0,0.0835291790490187
PRV52028,0,0.11619180281784595
PRV56478,0,0.9642815613974642
PRV51160,0,0.9541752481398221
PRV52711,0,0.08191852062956202
PRV55496,1,0.8882259804589022
PRV53880,0,0.08368594239352303
PRV52514,0,0.08297734727912427
PRV57669,0,0.08399254900588726
PRV56001,0,0.9323749293050803
PRV55808,0,0.08313740774602327
PRV54341,0,0.0878968503431756
PRV53818,0,0.08192937808397287
PRV55817,0,0.8223442199682128
PRV56749,0,0.7532310606369323
PRV55180,0,0.49679667984848497
PRV56914,0,0.22128151607460406
PRV53329,0,0.08454699274720046
PRV52163,0,0.09035190182623397
PRV53402,0,0.08720310736661151
PRV56060,0,0.08173350079912275
PRV53074,0,0.21301002439914068
PRV56735,0,0.187732221982273
PRV51584,1,0.8660680996119476
PRV55535,0,0.08451632156511485
PRV55547,0,0.8528046949805183
PRV57405,0,0.08281326803219112
PRV54208,0,0.6803635017049834
PRV52342,0,0.9600543101481571
PRV57310,1,0.9583493795551994
PRV51097,0,0.08729555481824067
PRV54210,0,0.08377975606278364
PRV56589,0,0.13760064604809502
PRV53692,1,0.9612712024188642
PRV54812,0,0.6523554832954332
PRV55832,0,0.7867710748176567
PRV53819,0,0.08705177435998541
PRV55177,0,0.12286597188733073
PRV52562,0,0.2235424421041246
PRV52575,0,0.08497242761117585
PRV51920,1,0.5744868071991694
PRV54171,0,0.0907444440887327
PRV52320,1,0.9615264908781396
PRV55935,0,0.1378790641711955
PRV53276,0,0.14818574889560718
PRV56116,0,0.08205687627384062
PRV53832,0,0.08232397018143871
PRV57593,0,0.2916312885228343
PRV55137,0,0.0870605662066854
PRV53331,0,0.08199757179925742
PRV52798,0,0.08418068079994045
PRV56481,1,0.9590673245265148
PRV54125,0,0.08243555698295857
PRV52456,0,0.08142877964254865
PRV52162,0,0.08503312474819548
PRV54593,0,0.0831197384454629
PRV53382,0,0.08367937135662612
PRV51645,0,0.0826102871838923
PRV57131,0,0.08778641665495776
PRV52252,0,0.08346793105328389
PRV55665,0,0.08978194017168709
PRV55203,0,0.10917476041449745
PRV53293,0,0.08602244917215654
PRV56967,0,0.08730504264779104
PRV52187,0,0.08217714107294988
PRV51471,1,0.9598821904749066
PRV55874,0,0.08229663180709836
PRV56057,0,0.22630507484827717
PRV56213,0,0.5200877901164889
PRV55609,0,0.08814135375546667
PRV56264,0,0.9252033275270564
PRV52392,0,0.3296980153661458
PRV55024,0,0.1133600755537446
PRV51586,1,0.275490177212043
PRV54005,0,0.08250460315039579
PRV52283,1,0.9589577839256438
PRV54296,0,0.09771483999709718
PRV52027,0,0.8458040301166787
PRV52860,1,0.3439943750538837
PRV52750,0,0.0904268025230403
PRV55069,0,0.08633237643006038
PRV55650,0,0.0850669413711921
PRV52451,0,0.08556659478549532
PRV54936,1,0.9593349188101468
PRV51898,0,0.08685697512410882
PRV54262,0,0.0838409623253705
PRV53835,0,0.0810590746676133
PRV52300,0,0.12621384164340774
PRV51679,0,0.12903088435741383
PRV56384,0,0.09648274536008919
PRV56584,0,0.11953075812681871
PRV53668,1,0.36340723295001104
PRV56279,0,0.08759298071143366
PRV54467,0,0.08664197656979146
PRV52857,0,0.9060559089604036
PRV57100,0,0.08172258953271797
PRV53849,0,0.08465841589808948
PRV51877,0,0.08353304358426228
PRV57309,0,0.2204844351036861
PRV52253,0,0.08361659834102311
PRV53846,0,0.08402248292291398
PRV54017,0,0.08169627453871713
PRV51895,0,0.0954406448335879
PRV55104,0,0.08599238671386415
PRV55312,0,0.0838436947169431
PRV52168,0,0.0836905607851534
PRV51323,0,0.08920491695246352
PRV56008,1,0.9539930751888183
PRV57193,0,0.23834029329831255
PRV51807,0,0.1640499356100197
PRV51259,0,0.3741713303927258
PRV51200,0,0.08304897448364412
PRV57696,0,0.08425734873040995
PRV57578,0,0.08131876764248791
PRV53217,0,0.08209331244001801
PRV53613,0,0.7654257871528661
PRV55436,0,0.08253282186489587
PRV53891,0,0.08185360198187759
PRV51495,1,0.9599451012717084
PRV53213,0,0.08466851842893859
PRV51626,0,0.086429676888307
PRV56890,0,0.09417846188447798
PRV53506,0,0.09007277450650421
PRV51166,0,0.0776074427320604
PRV53070,0,0.675345234300423
PRV54043,0,0.08285625120383212
PRV53705,0,0.0944862820328024
PRV54560,1,0.944119284856343
PRV53702,0,0.4632211618497078
PRV57540,0,0.08132735419357404
PRV56286,0,0.09624277717813928
PRV56752,0,0.0830267106686617
PRV53428,0,0.08507864846284627
PRV51617,0,0.5605467120695578
PRV56893,0,0.08361630775007638
PRV57739,0,0.08266980222995553
PRV56581,0,0.08255773650319978
PRV53086,0,0.08290090981017643
PRV51486,0,0.12159912881158623
PRV54847,0,0.3285992847528939
PRV55673,1,0.19254468802528402
PRV52873,0,0.08515670044477341
PRV54511,0,0.08196819920415349
PRV57350,0,0.15572185665689023
PRV57034,0,0.8068625927735301
PRV51046,0,0.2707484471657404
PRV57630,0,0.19879822687070528
PRV56691,0,0.08193659131860753
PRV56466,0,0.08503041326590871
PRV55763,0,0.08571088961663581
PRV55955,0,0.10221743598631904
PRV54478,0,0.08858650876071644
PRV52202,0,0.084561212885722
PRV54294,0,0.08482823684575533
PRV56452,0,0.11591118075978096
PRV56800,0,0.44326892581568245
PRV55931,0,0.1804303468399223
PRV53405,0,0.8928476410770654
PRV51340,0,0.08726435879184903
PRV54192,0,0.08622542449013339
PRV56358,0,0.08201774395944826
PRV54063,0,0.0841905548355284
PRV51398,0,0.09265548851721277
PRV57216,0,0.3970937886415574
PRV56348,0,0.09294112075565292
PRV51419,0,0.08798785831370357
PRV57116,0,0.08210271508815924
PRV51824,0,0.25137233964618544
PRV55632,0,0.0836742139353159
PRV53483,0,0.09275253501870513
PRV51609,0,0.7846015628347863
PRV55293,0,0.08958855213567189
PRV53675,0,0.9539408214952442
PRV57059,0,0.08297572244600523
PRV53966,0,0.0842717224672412
PRV53560,0,0.08304586438022146
PRV52536,0,0.09001723407224586
PRV55795,0,0.08641434377847187
PRV57126,0,0.1562773085151593
PRV51690,0,0.32245160536920486
PRV55004,1,0.960937281014772
PRV52452,0,0.23186311107035845
PRV57525,1,0.8815961702282914
PRV52669,0,0.0837025797270965
PRV53455,0,0.08407731031988121
PRV55246,0,0.10593928328367666
PRV53617,0,0.08698580712607633
PRV52582,0,0.9194053355273566
PRV56774,0,0.11124415495317373
PRV53694,0,0.08204744963873528
PRV54932,0,0.08549100884761573
PRV53291,0,0.08692048835708345
PRV55866,0,0.08654827110437195
PRV52294,0,0.32310205117711216
PRV54356,0,0.8744431638687338
PRV55689,1,0.9613741310181216
PRV55877,0,0.08388879712338675
PRV55578,0,0.10903845737526331
PRV51247,0,0.451054026672416
PRV53135,0,0.20319731225795357
PRV56435,1,0.4175168254601224
PRV51488,0,0.11557780095957865
PRV52961,0,0.08156651543038171
PRV51909,0,0.08148662839592674
PRV53755,0,0.0822840991266429
PRV53201,0,0.0857204975756048
PRV53732,0,0.08381397457786162
PRV51781,0,0.08346538642718303
PRV55826,0,0.17043045483389216
PRV51521,0,0.09754086264920102
PRV52804,0,0.0841871846424651
PRV51911,0,0.08503974522158195
PRV52577,0,0.0824899356672094
PRV56894,0,0.08188239802916962
PRV55402,0,0.08841797042544927
PRV51628,0,0.08705031634820182
PRV57246,0,0.08206571471994804
PRV53649,0,0.08234739853737044
PRV52216,0,0.08360044941682834
PRV56324,0,0.08185373089242869
PRV56361,1,0.29069133531004254
PRV52146,0,0.9478739920024036
PRV54793,0,0.08190410000000066
PRV51802,0,0.08462918195563894
PRV51549,0,0.1615707026763448
PRV55734,0,0.18990693178694076
PRV54168,0,0.11214304200805994
PRV51144,0,0.10010221117742914
PRV56255,0,0.08683119520302733
PRV54076,0,0.15358678609516968
PRV57445,0,0.08481680773120417
PRV53770,0,0.9576778605919545
PRV54601,0,0.0884464331539331
PRV53499,0,0.08712899415080783
PRV51514,0,0.9437919770998475
PRV55116,0,0.1916098214348893
PRV53196,0,0.08439947278681999
PRV51089,0,0.8930802337925594
PRV52789,0,0.08382311589758357
PRV57031,0,0.6786542404031795
PRV55593,0,0.09530732371833232
PRV51083,0,0.0833559417689522
PRV52761,0,0.08139411480416606
PRV56408,0,0.20396745488039572
PRV56277,0,0.08243408401402322
PRV52466,0,0.5884962767563622
PRV56810,0,0.08189457797906308
PRV51017,0,0.11839779138054339
PRV56784,0,0.08507429944021057
PRV54688,1,0.9466295512883361
PRV53807,0,0.9213932134728665
PRV52576,0,0.10470261647364174
PRV54200,0,0.8240026509758087
PRV52676,0,0.08492015678195738
PRV55433,1,0.9428865701573896
PRV54555,0,0.17796984350006856
PRV54977,0,0.18184549030370337
PRV54233,0,0.08743480449006343
PRV55813,0,0.08993492184368027
PRV52494,0,0.08495561680387957
PRV51697,0,0.08951512363244125
PRV56347,0,0.23077196235344322
PRV55750,0,0.08212133452275605
PRV56196,0,0.08135472583510223
PRV53240,0,0.10586443099255229
PRV53762,1,0.9576110103118358
PRV54531,0,0.08650895213628687
PRV54483,0,0.0848828585241917
PRV52229,0,0.08192939949758873
PRV53734,0,0.09986405275435166
PRV51698,0,0.08144081945489419
PRV52709,0,0.0824181738998932
PRV56846,0,0.08177534758823407
PRV56963,0,0.08433445877351743
PRV51556,0,0.5904070853187635
PRV52938,0,0.081432540574311
PRV56958,0,0.08376552882959924
PRV52721,0,0.08230277678479915
PRV51790,0,0.08636185788279842
PRV57677,0,0.10475697960708201
PRV57542,0,0.0829315828169017
PRV52242,0,0.08240659480262777
PRV51311,0,0.1142833868033676
PRV54686,0,0.5424974341214339
PRV51335,0,0.09679334079929555
PRV57238,0,0.08353327875906473
PRV56658,0,0.08720971110046576
PRV53375,0,0.08184320774285479
PRV52089,1,0.9046895402322167
PRV53139,0,0.08231745003398595
PRV51243,0,0.0853255763354806
PRV52209,0,0.08459608948153459
PRV56104,1,0.31014876274322434
PRV51393,1,0.9572107777843182
PRV51557,0,0.08443199507507336
PRV56194,0,0.0845104079330824
PRV54365,0,0.09783894145715606
PRV55881,0,0.10644851574257398
PRV54759,0,0.090085459956379
PRV54712,0,0.08210234168127557
PRV52280,1,0.8157396204396754
PRV57103,1,0.9597608602882415
PRV53102,0,0.08284407866319267
PRV52275,0,0.10447181454545586
PRV53563,0,0.08267500500319605
PRV51665,0,0.08105811885305363
PRV55135,0,0.08904846802252558
PRV52326,0,0.16424745938528232
PRV57139,0,0.08184571545798847
PRV51539,1,0.9518136942299554
PRV52151,1,0.9063400034933843
PRV56615,0,0.13437603230178294
PRV55882,0,0.08345573216249302
PRV57668,0,0.0865573460711997
PRV52090,0,0.10413611102184141
PRV55313,0,0.10902924328160785
PRV51062,0,0.8264076852775661
PRV57476,0,0.1264136753324922
PRV53411,0,0.0943638417262443
PRV51072,0,0.27932990807146385
PRV52746,0,0.08520078909373562
PRV51357,1,0.7692136156792826
PRV52868,1,0.9397721507228036
PRV54118,0,0.08301158049672652
PRV53203,0,0.08241216112761787
PRV57127,0,0.13748533389300996
PRV52903,1,0.9570377057788302
PRV51053,0,0.110044665049298
PRV54403,0,0.08479668828662285
PRV53307,0,0.08553054480365231
PRV55354,0,0.11331753296978389
PRV57021,1,0.7417284343270903
PRV53645,0,0.08296864365675168
PRV57109,0,0.11233387552821791
PRV55002,0,0.08470005583048135
PRV52317,0,0.1012672018861826
PRV54051,0,0.08488864251420312
PRV55166,0,0.08428037913567808
PRV54978,0,0.18687077961284343
PRV56586,0,0.0846288816463836
PRV51063,0,0.11129508088965545
PRV51806,0,0.08333021469815474
PRV57686,0,0.08665370867609054
PRV55191,0,0.08503367442588952
PRV52799,0,0.08163180217191275
PRV55401,0,0.08169104447098989
PRV56441,0,0.0817225086501046
PRV57355,0,0.08653825448359245
PRV54154,0,0.08351237524289355
PRV52371,0,0.08490802852218672
PRV53437,0,0.09335251107378569
PRV51529,0,0.0847818746101628
PRV57663,0,0.08656311950616698
PRV56183,0,0.08265814508489097
PRV55646,0,0.08167984585099533
PRV57485,0,0.08138656140191745
PRV52634,0,0.8812566131153289
PRV55209,1,0.9607987923647976
PRV52072,0,0.9509163331547403
PRV52233,0,0.11108601661575948
PRV54034,0,0.08227186283930388
PRV56362,0,0.08277341468609456
PRV55641,0,0.09213252229532926
PRV54030,0,0.0812036335337563
PRV55968,0,0.13926767019799646
PRV53673,0,0.7501619125371578
PRV51555,0,0.08208033143851774
PRV51446,0,0.2472938667823008
PRV55437,1,0.9424500348068025
PRV52667,0,0.08266709052431469
PRV52408,0,0.08396044064550189
PRV55852,1,0.1280680273258394
PRV54771,1,0.6000952396428956
PRV56335,0,0.5538696912261791
PRV55158,0,0.9553527673158059
PRV51433,1,0.9511254084829263
PRV54049,0,0.10266203180502609
PRV56929,0,0.08808881361136972
PRV57399,0,0.18056591855193052
PRV55272,0,0.10256370772879261
PRV54415,0,0.09094451910986102
PRV52213,0,0.0812955121566696
PRV55371,0,0.08285076563686716
PRV53249,0,0.43875661785163217
PRV53684,0,0.08315017540747614
PRV51148,1,0.9403589803753654
PRV55655,0,0.08122335687873736
PRV51989,0,0.08296023772252233
PRV53033,0,0.33958059374364746
PRV54490,0,0.08449977502959592
PRV52559,0,0.12843897929294648
PRV56515,0,0.08301802107988247
PRV57560,0,0.08726630539371327
PRV55500,0,0.08198780045976618
PRV55676,1,0.9589996941683628
PRV51338,1,0.15556602071939765
PRV55980,0,0.0822812995318601
PRV53416,0,0.13964104855943182
PRV55117,0,0.08155947657313034
PRV55576,0,0.09864867331845358
PRV57647,0,0.08273151920494443
PRV55165,1,0.906973494824466
PRV54870,0,0.08150379733780978
PRV51735,0,0.09735695197184766
PRV53344,0,0.08210561872646098
PRV57592,0,0.08381535684362969
PRV52781,0,0.08112048445828927
PRV52815,1,0.9551485344646112
PRV55886,0,0.08486971392957371
PRV53417,1,0.6042662691391139
PRV52998,0,0.8636212679841618
PRV53525,0,0.08498018475507826
PRV51423,0,0.08665118001514009
PRV57320,0,0.2149808478903187
PRV53298,0,0.12268734272987118
PRV51833,0,0.08570466815892205
PRV51031,0,0.9498077766982428
PRV54498,0,0.10513433600634121
PRV52010,0,0.08251374690209809
PRV51860,0,0.8480391866545389
PRV54652,0,0.08580381174800028
PRV54000,0,0.23981956951669056
PRV55452,0,0.9498464842295855
PRV55352,0,0.08679424347315612
PRV55187,0,0.09105749925095988
PRV52639,0,0.0830364746707725
PRV52497,1,0.1300827226705717
PRV53485,0,0.08523812395087946
PRV55514,1,0.8801984760328286
PRV51764,0,0.08318546871243875
PRV52760,0,0.08151867463244028
PRV53413,0,0.09587766185081101
PRV51946,0,0.6774545462486938
PRV52740,0,0.08521987020307704
PRV57379,0,0.13817763309182696
PRV52515,0,0.08151662287434723
PRV53733,0,0.08198052861137693
PRV55229,0,0.8937155236960947
PRV56683,0,0.10807451315009972
PRV51001,0,0.1554113104336851
PRV54343,0,0.08394204110172279
PRV57152,0,0.1050727631631077
PRV55365,0,0.08251241417410893
PRV56252,0,0.08469345489806075
PRV54307,0,0.08300188111952712
PRV57565,0,0.08607451336120982
PRV53522,0,0.08367605003885248
PRV53877,0,0.0821126398452295
PRV57594,0,0.08297797382163317
PRV56765,0,0.08315551202032033
PRV53727,0,0.0839726642176135
PRV52177,0,0.09347028313394472
PRV51129,0,0.08510969858701073
PRV55802,0,0.08414912171115281
PRV54620,0,0.1500058751484657
PRV51935,0,0.09279202848240377
PRV51469,0,0.08582524714631658
PRV51077,1,0.9462677770770452
PRV55231,0,0.08683934500873737
PRV52264,0,0.08380510514095238
PRV56504,0,0.08441172246102026
PRV53836,0,0.09299180387770417
PRV54882,1,0.9149650247393368
PRV52455,0,0.08388107831868323
PRV52588,0,0.8635396690907772
PRV51504,0,0.08692732919629684
PRV52949,0,0.09317341995997405
PRV56878,0,0.08964402213753186
PRV51012,0,0.08329198094880301
PRV53549,0,0.09157707447399611
PRV53774,0,0.9580942662602641
PRV54227,0,0.08246285708013808
PRV52411,0,0.09003557920981466
PRV56015,0,0.2869918880622959
PRV51139,0,0.1372129878659889
PRV57277,0,0.08347360191979417
PRV55512,0,0.10677216263536699
PRV55458,0,0.08696975556072872
PRV55492,1,0.9079973323632367
PRV52557,0,0.08191927941632561
PRV51940,1,0.9596554726409952
PRV56782,0,0.15134712311578818
PRV51600,0,0.0935897288168637
PRV51704,0,0.08246076322376722
PRV57240,0,0.0845219197400704
PRV56421,1,0.9507238836983746
PRV57169,0,0.8738990036827701
PRV54790,0,0.08115976237674473
PRV56131,0,0.7876001272773622
PRV51024,0,0.2191755318469266
PRV51859,0,0.08325401666037142
PRV53585,0,0.08110148829490621
PRV57118,0,0.08142648763263313
PRV55477,0,0.08364504022977495
PRV53720,0,0.08283953009045203
PRV56430,0,0.08409451881211291
PRV52409,0,0.08238264385910214
PRV55989,0,0.09382296933187827
PRV54846,0,0.16111200540600232
PRV55709,0,0.9294859842529245
PRV56190,0,0.11908082215135944
PRV52829,0,0.605060037713817
PRV53806,0,0.10530665494046294
PRV51639,0,0.13513562002761423
PRV54450,0,0.08185007441172636
PRV51525,0,0.16709806251157275
PRV53435,0,0.0820983046452398
PRV55966,0,0.08148346632071328
PRV57165,0,0.10900387220617293
PRV55977,1,0.9154004609248874
PRV54603,0,0.08456489656495078
PRV56029,0,0.08520018691443455
PRV53243,0,0.21649754227027376
PRV54390,0,0.8735637037633979
PRV57455,0,0.08143723316573848
PRV54540,1,0.08374982754233952
PRV51206,0,0.0843221757288387
PRV56882,0,0.08316433114374237
PRV56684,0,0.5312319691810198
PRV53678,0,0.08181212778970341
PRV56580,0,0.09892233013937096
PRV55717,0,0.08635269534441016
PRV51128,0,0.3737169362957516
PRV56549,0,0.11743342472168594
PRV54226,0,0.08174441347148531
PRV57670,0,0.08503653413020255
PRV55965,0,0.08285536368079029
PRV51944,0,0.2589791381695274
PRV57264,0,0.08263202191827075
PRV54291,0,0.08197200879673591
PRV51041,0,0.08243900157464663
PRV57388,0,0.08626485147218162
PRV51737,0,0.10858416699953127
PRV54904,0,0.0857370747811893
PRV57635,0,0.9417980241000989
PRV52850,0,0.17156700224960075
PRV54992,0,0.08460724916194727
PRV53408,0,0.46911255497476495
PRV55915,0,0.08940849440703356
PRV56036,0,0.08310192886236724
PRV51152,0,0.09032867680826437
PRV53349,0,0.09377817616473158
PRV57354,0,0.08189336006864972
PRV56137,0,0.08539102587873147
PRV51976,0,0.13302271413491562
PRV53233,0,0.38633004842595614
PRV56263,0,0.08500534717850351
PRV51503,0,0.08412502665003556
PRV51995,0,0.08313634722750127
PRV55074,0,0.08415119257378456
PRV57711,0,0.5419759974453497
PRV56063,0,0.08240287909773969
PRV51863,0,0.9237737077437458
PRV55516,0,0.8356571630436769
PRV54562,0,0.14026789397612502
PRV56637,0,0.08509141361623287
PRV52175,0,0.08711803034932969
PRV55772,0,0.08225210935770078
PRV52611,0,0.1723349030219762
PRV55554,0,0.08874959259730623
PRV53965,0,0.0960925076885517
PRV54616,0,0.0875333326747433
PRV55618,0,0.08195850424128842
PRV55232,0,0.9400021835982458
PRV53715,0,0.08132315982784556
PRV55703,0,0.09958141726279572
PRV55797,0,0.08441764491104592
PRV53179,0,0.08629361950037763
PRV51892,0,0.08318715831706408
PRV57107,0,0.08220852796543107
PRV51093,0,0.08300616301874819
PRV52047,0,0.8588715929184189
PRV56440,0,0.08927508207285405
PRV53765,0,0.08222249601603526
PRV56072,0,0.08421180660582933
PRV55087,0,0.10145711984081239
PRV56640,0,0.08268524811793043
PRV57599,0,0.08229420920783816
PRV55869,0,0.3897309473373467
PRV54629,0,0.08124622447607195
PRV53740,0,0.08968062813278758
PRV52529,0,0.08281613200189246
PRV52964,0,0.09709982077117217
PRV53646,0,0.0816595827513377
PRV55617,0,0.08226007802526197
PRV55295,0,0.08503957991951634
PRV56523,1,0.08286987062019045
PRV56413,0,0.08376815386531795
PRV57567,0,0.6535734292634932
PRV53792,1,0.8675637495109538
PRV55793,0,0.15529347374808272
PRV57433,0,0.36868387619567944
PRV56707,0,0.0833834661137213
PRV51786,0,0.08939944570824628
PRV51205,0,0.08112445971877134
PRV57329,0,0.08247480120412264
PRV54946,0,0.08359649598934114
PRV54972,0,0.08309197445452039
PRV54372,1,0.9604321307047147
PRV53214,0,0.08259856123324397
PRV55770,0,0.08224165784856473
PRV54828,1,0.4310988951509412
PRV54371,0,0.0824935309651275
PRV56574,0,0.1485307769716175
PRV53905,0,0.08358035752076169
PRV55562,0,0.08403352265730156
PRV55564,0,0.08630370886116767
PRV56145,0,0.08828301875152565
PRV54670,0,0.10095512907814098
PRV52728,0,0.08277311752283216
PRV55511,0,0.08186047948666755
PRV52348,0,0.5673203640723572
PRV57189,1,0.45216946509568284
PRV54106,0,0.13586369612765217
PRV56038,0,0.0842123332070699
PRV53312,0,0.09156987492913561
PRV56151,0,0.08959739038642003
PRV52084,0,0.44046861123478215
PRV56179,0,0.09187931211151197
PRV56377,0,0.08128258591889957
PRV51149,1,0.959462598000133
PRV52048,0,0.08630479060614016
PRV56734,0,0.6922756001395027
PRV54622,0,0.08194469289527548
PRV56471,0,0.0878495117714612
PRV53049,0,0.0826815536934007
PRV54896,1,0.9586066776964175
PRV53156,0,0.08678811942653666
PRV51439,0,0.08617499623908419
PRV53735,0,0.08115476398520442
PRV53950,0,0.13600900442137
PRV51625,0,0.08684533583111737
PRV52895,0,0.08704133123825318
PRV57327,0,0.08280690069200586
PRV56092,0,0.08463244267874896
PRV56157,0,0.08281512676446011
PRV55910,0,0.3203193376126966
PRV55281,0,0.1309082644898718
PRV55891,0,0.9375450053297969
PRV56284,0,0.08341260563714727
PRV54530,0,0.08206238235645223
PRV54176,0,0.08267992071290399
PRV52532,0,0.08165855311617519
PRV54737,0,0.8301690212088076
PRV57684,0,0.08625730526671124
PRV51699,0,0.1619601842938729
PRV53122,0,0.08169092815455613
PRV56129,0,0.9299527981959618
PRV53550,0,0.08261341029640198
PRV51999,0,0.08149790049699264
PRV52933,1,0.20808368614418915
PRV57312,1,0.4767879427348041
PRV51682,0,0.08460580262515806
PRV57424,0,0.08572891891011394
PRV51599,0,0.08970127740379738
PRV53594,0,0.0963495620931878
PRV55876,0,0.083056143482517
PRV57143,0,0.11241683237999
PRV53572,0,0.08091251979722495
PRV57744,0,0.08464496294111891
PRV54728,0,0.0874492639542065
PRV53556,0,0.08227662232556161
PRV56106,0,0.08733331353136428
PRV54832,1,0.11801153120185863
PRV54465,0,0.08928641548353879
PRV54115,0,0.08618367505535758
PRV57018,1,0.9314332620037674
PRV53137,0,0.08449025737059493
PRV55298,0,0.08773785311611008
PRV51075,0,0.08236461651896007
PRV57295,1,0.8437525249465747
PRV56014,0,0.6484264283107855
PRV53523,0,0.087325345991294
PRV52627,0,0.09135602926007307
PRV52480,0,0.08636861787366924
PRV51404,0,0.08707885759726013
PRV56002,0,0.9231608158471984
PRV54602,0,0.0834796583513981
PRV57673,0,0.12935543808925914
PRV55145,0,0.7031349320555673
PRV57336,0,0.08606581857062058
PRV55269,0,0.13033251745712512
PRV52697,0,0.08216641623322048
PRV56191,0,0.0831867904850027
PRV56688,0,0.08349813931915387
PRV51344,0,0.08418401391698235
PRV55847,0,0.09603735456014109
PRV56601,0,0.08340979015446975
PRV54781,1,0.9564685561734346
PRV53716,0,0.08395698083722067
PRV57469,0,0.08482189631040594
PRV53683,0,0.09300116501411226
PRV54538,0,0.08383879487346252
PRV52672,0,0.08908083350369883
PRV54426,0,0.8785095674769501
PRV51950,0,0.09489637028908816
PRV52100,1,0.960365236399893
PRV55624,0,0.0824300557552779
PRV56886,0,0.10878759394106417
PRV54501,0,0.08727645280035387
PRV52055,0,0.11266475739384968
PRV53487,0,0.09329833716967321
PRV52651,0,0.0898457843279493
PRV53997,0,0.18336195647911074
PRV53379,1,0.9012178584593994
PRV53490,0,0.09966275434893115
PRV56170,0,0.5864410296688863
PRV55040,0,0.08268860123496809
PRV56316,0,0.08391633527447039
PRV54637,0,0.9159622616327627
PRV56426,0,0.12322601410233867
PRV52471,0,0.08223184763265208
PRV57573,0,0.08202100888740096
PRV53990,0,0.21329463875916352
PRV53971,0,0.09266867335985518
PRV51076,0,0.08296974952363628
PRV54339,0,0.6869259529678522
PRV53486,0,0.08496868501485426
PRV53469,0,0.08272578197809954
PRV53657,0,0.08194970195053379
PRV56154,0,0.08251178065133183
PRV51217,0,0.08216355026835453
PRV51066,0,0.08828810686721723
PRV52741,0,0.08099344191592443
PRV56777,0,0.26597769421425493
PRV56550,1,0.9536351862106862
PRV52790,0,0.08453399304458212
PRV51214,0,0.08644948185419776
PRV56957,0,0.11382246156932023
PRV52803,0,0.08672656876309236
PRV56993,0,0.08375419082081671
PRV56454,0,0.11633249886320376
PRV53255,0,0.0859921748909308
PRV56300,0,0.0832255200442729
PRV51928,0,0.08265608319643786
PRV57380,0,0.09738493887071153
PRV52614,0,0.0982112436014532
PRV55498,0,0.08277716170153723
PRV54368,0,0.10583431089518236
PRV54699,0,0.09328059705148525
PRV53451,0,0.09864907615406145
PRV53587,0,0.08510038096909703
PRV52859,0,0.6284163921161283
PRV54703,0,0.08430284825640152
PRV51840,1,0.9405135557178748
PRV54270,0,0.09011952851556639
PRV53895,1,0.939031111926864
PRV52674,0,0.08513027673426016
PRV53059,0,0.09485688547541359
PRV54720,0,0.3310876459482228
PRV57533,0,0.9188595441883294
PRV54004,0,0.08395906470329483
PRV56234,0,0.08902618408453758
PRV55227,0,0.08709881512744046
PRV54630,0,0.10521621687134941
PRV54423,0,0.09316210999239907
PRV53969,0,0.09551268615216757
PRV57406,0,0.9456598585609673
PRV51627,0,0.10840605583684511
PRV53470,0,0.09351853480496125
PRV54838,0,0.10495654905898814
PRV52195,1,0.6565774411432622
PRV57047,0,0.0890714119582142
PRV54167,0,0.0918603434790766
PRV53361,0,0.0930338646618407
PRV55814,0,0.08612928522850978
PRV51212,0,0.0852600538504652
PRV55094,0,0.08952410714647314
PRV52419,0,0.8987053409275098
PRV52362,0,0.630462826763157
PRV52128,0,0.9371899563113637
PRV54907,0,0.10677119106424199
PRV53867,0,0.6602627300492355
PRV53128,0,0.09575167346163947
PRV52025,0,0.09030025850074598
PRV52029,0,0.8071382242974102
PRV52176,0,0.8980322048332282
PRV54680,1,0.9138406795236924
PRV54881,0,0.9125868299721375
PRV56980,0,0.08617537453591703
PRV56857,0,0.10446942093102443
PRV53186,0,0.08528920832813391
PRV56850,0,0.0926186761597075
PRV51484,0,0.09204041230065056
PRV54370,0,0.1248304843687755
PRV52161,0,0.08572912616564594
PRV52581,0,0.10341480868453974
PRV55320,0,0.08783106092959982
PRV53292,0,0.4751798658559244
PRV56239,0,0.16990274255779844
PRV55419,0,0.0881599522724238
PRV53574,0,0.09618106276033606
PRV56073,0,0.08476275009585156
PRV51131,0,0.08453495190242641
PRV51228,0,0.08534509042306627
PRV55146,0,0.0867795746572626
PRV55427,0,0.08647072881449773
PRV53248,0,0.3884958971485883
PRV51510,0,0.10013259194257566
PRV54160,0,0.08512606949770846
PRV52945,0,0.10586960195664868
PRV55148,0,0.08804214708180962
PRV56789,0,0.24773179731106523
PRV52560,0,0.7945103156620761
PRV57502,1,0.9613431099720646
PRV56262,0,0.08638315163438726
PRV56949,0,0.14948811469649514
PRV56616,1,0.09094520210799582
PRV56093,0,0.08523079619028023
PRV54098,1,0.6855023000368248
PRV54547,0,0.08370586764300872
PRV55898,0,0.08861353663142003
PRV51788,0,0.10821740999619835
PRV57600,0,0.22622729783694728
PRV57653,0,0.08973475129472214
PRV54661,0,0.17885262340039407
PRV53701,0,0.08725486947942854
PRV55417,0,0.10687418403707094
PRV56851,0,0.09632140099546943
PRV57689,0,0.09630494444205918
PRV52646,0,0.9228635705771798
PRV57736,0,0.08572569912178263
PRV57110,0,0.08722992527015877
PRV57496,0,0.08885388981242935
PRV52468,0,0.09201010057470704
PRV56937,0,0.08495927126553368
PRV55990,0,0.8594062845472423
PRV53055,0,0.10696623041878998
PRV57244,0,0.08412206876037569
PRV51745,0,0.08578874646741758
PRV53119,1,0.16003260189214258
PRV56553,0,0.09153940267341609
PRV57148,0,0.8802731349000635
PRV54209,1,0.6961464500710999
PRV56711,1,0.5492120586429715
PRV52879,0,0.1071273144752233
PRV55481,0,0.10116257262788864
PRV55489,0,0.23973109547002094
PRV52299,0,0.7686465035015108
PRV52192,0,0.14481577133979606
PRV56414,0,0.08716020355092644
PRV53654,0,0.09271843447165935
PRV52255,0,0.09313698737442744
PRV55056,0,0.09291913322936629
PRV52881,0,0.7669206245265302
PRV51709,0,0.08536795159477227
PRV57683,0,0.08615549756334047
PRV52157,0,0.9219333191393841
PRV55453,1,0.8838379278248836
PRV52418,0,0.12215994840156179
PRV56054,0,0.10671253437210476
PRV54779,0,0.377835957260281
PRV54090,0,0.8970668184104907
PRV57495,1,0.9460342571622647
PRV53931,0,0.12661253048648047
PRV53712,1,0.9559546818377355
PRV52833,0,0.260926096296444
PRV56956,0,0.08547779296942107
PRV53183,0,0.08417932117111021
PRV53028,0,0.08368402530695998
PRV53433,0,0.09211817438425116
PRV52592,0,0.17612611870088027
PRV53516,0,0.08638770684742844
PRV53606,0,0.08685152872767424
PRV54482,0,0.08412503991862016
PRV53136,1,0.9090329611000916
PRV56974,0,0.08503478002327583
PRV53888,0,0.09635098843400118
PRV54315,0,0.12142955234608711
PRV57085,0,0.10849561517600978
PRV56724,0,0.2868623648178305
PRV57170,1,0.891103538852064
PRV53175,0,0.08388735813806651
PRV56836,0,0.08600780845480144
PRV55467,1,0.947687805534928
PRV51437,0,0.08548956013758079
PRV57120,0,0.838842999679409
PRV51102,0,0.7140181324999721
PRV54305,0,0.08545436374946623
PRV53281,0,0.4879586264277126
PRV55855,0,0.11690280811432006
PRV57410,0,0.1583565643787983
PRV57475,0,0.09230418970338229
PRV56404,0,0.4629076811341072
PRV54942,1,0.9349538351719945
PRV56508,0,0.12053038356013257
PRV57266,0,0.09110818717608367
PRV55243,0,0.11257786915205281
PRV56906,0,0.35742977081706256
PRV53460,0,0.08383692745487127
PRV57186,0,0.09007322144571228
PRV53981,0,0.08422741619241679
PRV52944,0,0.08415686443167213
PRV56340,0,0.16861422744045493
PRV53989,0,0.09350984359423811
PRV55472,1,0.9354393616934122
PRV53934,0,0.10413298678237815
PRV55179,0,0.8755616484907445
PRV54596,0,0.2025730754372721
PRV51531,0,0.10412532400598441
PRV51744,0,0.08457085924122279
PRV55601,0,0.08737747656526097
PRV51292,0,0.09250708359018729
PRV51358,0,0.13790349717939082
PRV54789,0,0.09657638870621085
PRV52653,0,0.6081789911029029
PRV52254,0,0.08820549752346883
PRV56860,0,0.08469672140496443
PRV55776,0,0.08431224422429383
PRV53084,0,0.09089757923785224
PRV52184,0,0.08689718723409443
PRV55982,0,0.08438533701756867
PRV54258,1,0.9532321598008956
PRV55816,0,0.08467069849788177
PRV56448,0,0.6326988457362642
PRV52476,0,0.8139675561135873
PRV53517,0,0.08946668576329331
PRV53432,0,0.9061058851994337
PRV55786,0,0.08774342779314456
PRV51091,0,0.0911291632387872
PRV57548,1,0.9560965565642419
PRV57412,0,0.8928403006399553
PRV52931,0,0.08508800623256794
PRV52358,0,0.0882423162119807
PRV54802,0,0.08492845051093166
PRV57757,0,0.7494110954801365
PRV53282,0,0.0870496029689879
PRV57481,1,0.9515981500832484
PRV57434,0,0.22439971145620255
PRV51852,0,0.09010481698734801
PRV56764,0,0.4320523809237729
PRV54730,0,0.0864340055745652
PRV55296,0,0.09537337554172459
PRV56026,0,0.0873900123139297
PRV56696,0,0.21627014006945314
PRV52700,0,0.08955483345466063
PRV52044,0,0.9400668291380977
PRV57089,0,0.0926535535219299
PRV53932,0,0.9320038284640595
PRV52552,0,0.264780758135158
PRV51636,0,0.8310261122257839
PRV57128,0,0.08748007104720125
PRV52461,0,0.09641015582484577
PRV55613,0,0.08512770793422082
PRV55836,0,0.5089348368977797
PRV51353,0,0.2327480298193079
PRV53690,0,0.08921647578336267
PRV57270,0,0.08599249685968229
PRV54998,1,0.9324106771756351
PRV57261,0,0.08655542686454942
PRV51673,0,0.2134144314126593
PRV53571,0,0.08886260106427625
PRV53878,0,0.1875657105852663
PRV52289,0,0.09247267131183565
PRV52155,0,0.48168955261130236
PRV53182,0,0.08569664954727939
PRV51598,0,0.9306075423468069
PRV56862,0,0.09293891035663288
PRV51366,0,0.0982982224631109
PRV54824,0,0.574236864895075
PRV55169,0,0.9484431471118662
PRV51021,1,0.9145978681571081
PRV52470,0,0.08520512478387123
PRV57674,0,0.4870707537361243
PRV55257,0,0.1034165156133058
PRV54651,1,0.8958483436756689
PRV54077,1,0.9404710246604489
PRV55093,0,0.08906510038660888
PRV54546,0,0.08457132883411597
PRV56900,0,0.09170962694466707
PRV54522,0,0.08472617922162193
PRV55683,0,0.09180735438117935
PRV56557,0,0.08799243812263732
PRV55207,0,0.09792748913557436
PRV53855,1,0.715653810390192
PRV57183,0,0.0933460276250731
PRV51389,0,0.38677088410141164
PRV54735,0,0.31498251527398174
PRV56489,0,0.11313601906488208
PRV56767,0,0.09809313415450835
PRV51992,0,0.0944017899344789
PRV55234,0,0.25317258441301016
PRV53321,0,0.09621041672175579
PRV54809,0,0.08896297875206385
PRV53473,0,0.0908683498688424
PRV56374,0,0.11043950704248667
PRV51522,0,0.8714417918995223
PRV52757,0,0.08550264119153247
PRV51927,0,0.18590492495740446
PRV54009,0,0.08409904941998027
PRV51194,0,0.08767967967853851
PRV51238,0,0.6971305188277415
PRV51386,0,0.17265474146667625
PRV52979,0,0.12532563071215685
PRV56964,0,0.08382644145470734
PRV52262,0,0.09226128876254261
PRV52792,0,0.08544643841078009
PRV52112,0,0.8965321195323835
PRV57454,0,0.10297479539607222
PRV51146,1,0.9544471882134886
PRV51681,0,0.10609692887563316
PRV51216,0,0.09120950246030081
PRV55666,0,0.3719723324038487
PRV53967,0,0.08406496079180986
PRV54854,0,0.10950016400717692
PRV51379,0,0.08848129074948902
PRV53638,0,0.09523184762498327
PRV54303,0,0.0896650522820787
PRV52247,0,0.09016810513218688
PRV52767,0,0.08545076712001075
PRV52571,0,0.2151780423069683
PRV56944,0,0.08500934277505004
PRV52814,0,0.08656460267395372
PRV55833,0,0.6034791052510197
PRV53728,0,0.08505958109256107
PRV52395,0,0.895430442838082
PRV56621,0,0.09575128428628714
PRV52713,0,0.1028354912199789
PRV56028,0,0.2578141700899835
PRV53025,0,0.10977302295949667
PRV57645,0,0.08678928646876577
PRV53450,0,0.09870522733579701
PRV53620,0,0.14028551550061127
PRV55771,0,0.09153677603022299
PRV56032,0,0.0846722559212028
PRV57361,0,0.09187050701929884
PRV51957,0,0.6893307893413532
PRV55351,0,0.09268696116612504
PRV53970,0,0.15505806406441505
PRV52291,0,0.7633715072863619
PRV51032,0,0.08712254596769338
PRV54885,0,0.9223586382274638
PRV57523,0,0.7269437520748863
PRV54461,0,0.5170047496408784
PRV55873,0,0.20724997766073994
PRV53843,0,0.08446821411070246
PRV56694,0,0.08621099890976554
PRV51042,0,0.0903123669699089
PRV51496,0,0.09967218659390586
PRV55585,0,0.12310634380462318
PRV57425,1,0.9158972031812909
PRV52617,0,0.9424715397410515
PRV51547,0,0.08420701622045543
PRV52739,0,0.21122888798630357
PRV51222,0,0.09145088782433744
PRV53131,0,0.12649985953698006
PRV56582,0,0.08533927316404376
PRV52679,0,0.09031902284885271
PRV53743,0,0.08850276965862652
PRV57172,1,0.953081586045503
PRV56370,0,0.08561360987792142
PRV56639,0,0.13970466346799815
PRV55428,0,0.08730498677938124
PRV56095,0,0.08552787641168724
PRV51689,0,0.08482008876409705
PRV54930,0,0.17876034622669318
PRV54852,0,0.18113838655457856
PRV51142,0,0.755066104820237
PRV53554,0,0.08428266093558962
PRV52549,0,0.8595578618592893
PRV55742,0,0.21076646163105017
PRV51956,0,0.08933829907594641
PRV53334,0,0.09377905687478873
PRV56593,0,0.08631487885864121
PRV53730,0,0.08698629043528586
PRV54320,0,0.13886096964318312
PRV52897,0,0.09942035848489936
PRV55434,0,0.12367558415335243
PRV51929,0,0.1878533709682646
PRV57602,0,0.09297843715231495
PRV52839,0,0.0890597295991792
PRV55658,0,0.8830569729503308
PRV56540,0,0.08930097739232362
PRV55670,1,0.4874961281200592
PRV51388,0,0.8924835215381843
PRV56153,0,0.08566971969111391
PRV51780,0,0.10423467132258891
PRV57761,0,0.1021345434227384
PRV51204,0,0.1511919342470939
PRV56139,0,0.22642334312573256
PRV55250,1,0.9329172486093201
PRV53167,0,0.08543382330436473
PRV53539,0,0.08497451373933766
PRV56056,0,0.08550812202005564
PRV56713,0,0.9308993058044674
PRV53640,0,0.08773992832930547
PRV55052,0,0.09244269122503058
PRV53725,0,0.08496903907823715
PRV57153,0,0.08778096031507941
PRV56518,0,0.08644769006962706
PRV52284,0,0.09362545809977289
PRV52307,1,0.9420134265936189
PRV51494,0,0.08848800191789946
PRV53180,0,0.09037066882017801
PRV56169,0,0.0896762832545803
PRV56083,0,0.0851095973062526
PRV51901,0,0.08419809708650731
PRV53900,1,0.8941269562832128
PRV54481,0,0.0853397220018285
PRV54135,0,0.08654504169536288
PRV52059,1,0.9458086711526245
PRV55603,0,0.08640012460725002
PRV55604,0,0.652227734401299
PRV56456,0,0.6344751016883536
PRV55626,0,0.08526445558989612
PRV51873,1,0.8834616490238081
PRV56942,0,0.08982751275747448
PRV55621,0,0.09769799309626707
PRV53651,0,0.08896878602010609
PRV54254,0,0.10072333409327959
PRV55715,1,0.9514862895269653
PRV51969,0,0.08996114357064561
PRV56198,0,0.08826823239252339
PRV53784,0,0.08818192958853259
PRV53677,1,0.9482819685922319
PRV57330,0,0.3646293995546859
PRV55895,1,0.08432798027725842
PRV56077,0,0.08521158100921944
PRV56091,0,0.08409823334251305
PRV52898,0,0.9423201303538385
PRV54856,0,0.08584357945636073
PRV52353,0,0.7917077801726313
PRV54866,0,0.09096201921239595
PRV52114,1,0.9560257122336461
PRV52458,0,0.08828528005103596
PRV56885,0,0.5152351136580144
PRV55255,0,0.08483188415433604
PRV52085,0,0.6744274884052499
PRV52657,0,0.11204523960531246
PRV57427,0,0.6344089915902643
PRV51815,0,0.08434018537210994
PRV54612,0,0.10076250970595158
PRV51915,0,0.0851510250568057
PRV56831,0,0.08432703799536041
PRV52279,0,0.9475509241695862
PRV52784,0,0.08498572412715168
PRV55138,0,0.12405763223647748
PRV52464,0,0.0888482564047261
PRV53492,0,0.08378847979394508
PRV54220,0,0.9113496166592079
PRV56186,0,0.08856011294902819
PRV56007,1,0.9534267601883922
PRV54580,0,0.095888054274935
PRV55690,0,0.8665434169955636
PRV51264,0,0.08961607206863234
PRV55556,0,0.12097064229313247
PRV53946,0,0.0876594915444585
PRV54429,0,0.21723434250630996
PRV52606,0,0.08861075788487167
PRV53446,0,0.08870546066867428
PRV56161,1,0.6171356525975684
PRV51409,0,0.084553208961475
PRV53313,0,0.0939500231455874
PRV51421,1,0.9446778519640637
PRV55475,0,0.08482116243394636
PRV53779,0,0.08908848911473924
PRV53796,0,0.0882602769684087
PRV56369,0,0.08491015274879982
PRV54714,0,0.08530027605549827
PRV55557,0,0.1558573741088232
PRV53718,0,0.0857191377974075
PRV57176,0,0.13403019747588238
PRV56336,0,0.8903121373072279
PRV54889,0,0.5809643199212912
PRV52446,0,0.8245075699370169
PRV52914,0,0.1095821362939364
PRV57414,0,0.9256936630825306
PRV52970,0,0.08549638345043903
PRV53238,0,0.49557545166573086
PRV54019,0,0.0837604117420464
PRV55897,1,0.9229496122517746
PRV53384,1,0.9347531839431489
PRV53245,1,0.9016880285528158
PRV54140,0,0.08537879192293073
PRV52017,0,0.881938265804741
PRV55893,1,0.9216301432742063
PRV52156,0,0.8371734115310199
PRV54707,0,0.08757832444650811
PRV53614,0,0.098868116528521
PRV55263,0,0.13234449334356627
PRV57688,0,0.08941776250231794
PRV57746,0,0.09334340738252359
PRV53745,0,0.08807261652196968
PRV55588,0,0.08418413801301647
PRV53627,0,0.10072731527055619
PRV55867,0,0.10098819881396935
PRV53236,0,0.7635691844905668
PRV57273,0,0.08841073875360252
PRV53872,0,0.8457504164480776
PRV56871,0,0.08602370830958413
PRV56090,0,0.08601905760446782
PRV52837,0,0.09953875503105672
PRV56832,0,0.09079330609378261
PRV55903,0,0.8942563748845914
PRV52884,1,0.8048133378111921
PRV51811,0,0.8540131897479233
PRV54056,1,0.9211564007439861
PRV57122,0,0.08753059266274843
PRV56583,0,0.3586103388474407
PRV56202,0,0.08559609966645815
PRV56793,0,0.26843109560406203
PRV53756,0,0.08737087863827601
PRV54842,0,0.38057268478734696
PRV56762,0,0.08824098392654404
PRV55583,0,0.1031768227717325
PRV57610,0,0.0930987723941908
PRV51055,0,0.0902592149728397
PRV52621,0,0.808101366521892
PRV56376,0,0.08897942219936812
PRV51889,0,0.09205201273842002
PRV53077,0,0.10170352420057645
PRV51377,0,0.34995879078465697
PRV52026,0,0.08658021896354702
PRV54590,0,0.11256379324417783
PRV52065,1,0.9453328320026864
PRV52666,0,0.08870655274178973
PRV52237,0,0.08848321909697121
PRV57697,1,0.9450555089533393
PRV53520,0,0.08584926439850227
PRV56710,0,0.184087675309881
PRV55620,0,0.09063076194736777
PRV51392,0,0.08623876072481962
PRV51418,0,0.8476126702239263
PRV51916,0,0.11374566720936335
PRV52545,0,0.08476425700918776
PRV51424,0,0.09768847705015647
PRV55091,0,0.08504060085144705
PRV53482,0,0.08747985012747193
PRV53114,1,0.9325282944020068
PRV56909,0,0.10161136643526684
PRV52191,0,0.08722198681604587
PRV53907,0,0.0939826638924532
PRV57269,0,0.08890994668852002
PRV55112,0,0.08698824308610631
PRV52610,0,0.09260851198131227
PRV51318,0,0.08951216326382168
PRV53224,0,0.08443727931589774
PRV56103,1,0.9537178248532744
PRV54216,0,0.8480460940452703
PRV57583,0,0.08761528848257766
PRV51551,0,0.8149572974901803
PRV51606,0,0.17397353016361933
PRV51650,0,0.08990235182448807
PRV52374,0,0.22171538938222926
PRV51261,0,0.9054284234042367
PRV51466,0,0.2909247589187432
PRV56172,0,0.09211491358932601
PRV54062,0,0.10077246769179542
PRV51722,0,0.0849921356838359
PRV51942,0,0.0861030211508897
PRV52692,0,0.16091635306621935
PRV57488,0,0.08522344890428014
PRV56275,0,0.12105202536641547
PRV51660,0,0.08676765635263456
PRV54927,0,0.08772540472379972
PRV54564,0,0.7429004764495336
PRV51241,0,0.2993520729901062
PRV56163,0,0.08597216149246992
PRV52462,0,0.08695979226930747
PRV54893,0,0.08539668757736374
PRV54967,0,0.08572625625190285
PRV55800,0,0.08499424801165463
PRV51207,0,0.6105880550706185
PRV52521,0,0.0888010616650797
PRV52180,0,0.2972751068290709
PRV54947,0,0.08704907408311748
PRV52308,1,0.9325323877391871
PRV55306,0,0.09518844564228854
PRV55536,0,0.8678578883041155
PRV54031,0,0.08537848227562483
PRV55270,0,0.18193842087557294
PRV52069,0,0.09088003569661934
PRV54302,0,0.08621108776290222
PRV52699,0,0.09222294834635324
PRV55130,0,0.10744064331238748
PRV54333,1,0.9489581519306567
PRV57484,0,0.08957180010931054
PRV52936,0,0.39930412633088547
PRV53991,0,0.09066626343247805
PRV54247,0,0.3783024208692495
PRV54387,0,0.3340814644029184
PRV56766,0,0.09214935375143532
PRV55944,0,0.39467361843349785
PRV57141,0,0.9090755326614706
PRV57419,0,0.08948569926122567
PRV56084,0,0.0860884310817437
PRV54399,1,0.8865164741045433
PRV54990,0,0.10915852704708028
PRV54136,0,0.10045591793822663
PRV56500,0,0.4625436571498857
PRV56310,0,0.08584525201365294
PRV55254,0,0.08571046257070794
PRV51958,0,0.0866265576199513
PRV54404,0,0.21172123800842016
PRV51125,0,0.6829162892239858
PRV54159,0,0.09247593937497715
PRV52013,0,0.08943851590583071
PRV55864,0,0.6887632308452607
PRV55274,0,0.09046746270118602
PRV53150,0,0.08969136715925621
PRV56625,0,0.08614726968508192
PRV56805,0,0.08499681813110793
PRV53764,0,0.08805707394577565
PRV53859,0,0.10777406848508046
PRV57203,0,0.10988891260215378
PRV55928,0,0.08647650472226656
PRV55450,0,0.15668382141172604
PRV55872,0,0.15779688941491035
PRV51803,0,0.0993420568422126
PRV57472,0,0.08612522290221206
PRV52870,1,0.9423431952983601
PRV56176,0,0.09783363199237627
PRV55906,0,0.09185274769277807
PRV56535,0,0.10135370078770782
PRV54636,0,0.09476650223361709
PRV53942,0,0.40678948133386494
PRV52347,1,0.9476571924492848
PRV54312,0,0.08522355219168577
PRV51570,0,0.08422455462537509
PRV52241,0,0.08703673033460543
PRV52122,0,0.08959084553382406
PRV51429,0,0.08408834847261823
PRV56681,0,0.08505758803548535
PRV56541,1,0.9300522573954169
PRV52414,0,0.11800431985126215
PRV52218,0,0.08441782470471423
PRV52764,0,0.08622771492430921
PRV54358,0,0.08904700489456033
PRV55000,0,0.9521366385140103
PRV53595,0,0.08578091504997513
PRV57473,0,0.08534176623831372
PRV54829,0,0.09791300161142814
PRV52321,1,0.9258690075350144
PRV54954,0,0.0867439489313937
PRV54734,0,0.10440847492607393
PRV53619,0,0.0860189670568829
PRV54033,0,0.0853245514413703
PRV57119,0,0.09261740978875437
PRV54139,0,0.2385478005927315
PRV53126,0,0.09479181751485337
PRV54558,0,0.8580575064310418
PRV52004,0,0.09125581971297274
PRV55045,0,0.08785812251428726
PRV51981,0,0.09049111865775754
PRV56261,0,0.09331318772984455
PRV51721,0,0.0857615520886875
PRV56818,0,0.32971041255646577
PRV52899,0,0.08584357945636073
PRV55914,1,0.7736723950672434
PRV56236,0,0.15131983099164018
PRV52517,0,0.09270965436233639
PRV56259,1,0.6739039766387745
PRV51678,0,0.08934964008485567
PRV53988,0,0.08673385588039444
PRV57121,0,0.475659147063068
PRV53605,0,0.08733476943201493
PRV55360,0,0.08695109322510239
PRV51467,0,0.2856134258819215
PRV53722,0,0.08366764849614568
PRV53494,0,0.08632062996894362
PRV55723,0,0.09325694085606878
PRV53682,0,0.8375748891983751
PRV52608,0,0.08686971471629207
PRV52141,0,0.8344342128590242
PRV53714,0,0.104207564839274
PRV52266,0,0.9501326386549551
PRV54328,0,0.84744835211146
PRV54037,0,0.08951382303750713
PRV54276,0,0.6369507919976694
PRV52201,0,0.08570015477949934
PRV53861,0,0.09019875660475836
PRV52045,1,0.9283719079479801
PRV51926,0,0.09338677680899524
PRV56360,0,0.09297210015839999
PRV51064,1,0.9161447515702572
PRV52951,0,0.0950843130311797
PRV51720,0,0.08546361120373917
PRV52367,0,0.6898141258049334
PRV51871,0,0.08571695585541247
PRV55908,0,0.9026085747119094
PRV54566,1,0.9472065141523168
PRV57460,0,0.10179390568100241
PRV52956,0,0.09024370742532686
PRV53087,0,0.08950348970164652
PRV54645,0,0.0848035895945098
PRV52306,0,0.08586682621687491
PRV55575,0,0.08790026795291764
PRV52858,0,0.8757172972164144
PRV52149,0,0.8965904434246329
PRV51546,0,0.6128629044804587
PRV51427,0,0.13332557225296246
PRV54808,1,0.0932285970910177
PRV52993,0,0.08584198034992796
PRV51305,0,0.6537911573445903
PRV57723,0,0.08648488966620753
PRV54274,0,0.0902949107954977
PRV54643,0,0.08572396483527785
PRV54124,0,0.08376958103107345
PRV51165,0,0.8703724103063477
PRV55275,0,0.12363361843889115
PRV56208,0,0.08719352882338362
PRV55871,0,0.09073526720723983
PRV51562,0,0.09014019276840533
PRV57574,0,0.09357577538914588
PRV54421,0,0.09396667472854371
PRV51508,0,0.8417890984455138
PRV56788,0,0.1306923493753613
PRV51511,0,0.08680943124394622
PRV55657,0,0.08424051831326149
PRV55933,0,0.9365372444824102
PRV51191,0,0.08608572575133593
PRV57285,0,0.20484841388732442
PRV56988,0,0.08402000342276182
PRV54587,0,0.08853127555567657
PRV51475,0,0.3810190609311123
PRV56126,0,0.15174936754630444
PRV52331,0,0.22031074420494617
PRV57715,0,0.9473258678790214
PRV53656,0,0.0888593302627912
PRV51250,0,0.09071261861085807
PRV56919,0,0.08401744049545382
PRV52855,0,0.10270516295880044
PRV55691,0,0.16178830320518534
PRV55319,0,0.08639709384851199
PRV56034,0,0.0883074124172222
PRV53680,0,0.08605240497582606
PRV51612,0,0.3114358870436397
PRV53566,0,0.08543355899199619
PRV52830,0,0.08893498104105918
PRV57092,0,0.09751816267120057
PRV57642,1,0.8717981652752882
PRV56407,0,0.20350974467499064
PRV56668,1,0.9495966252267721
PRV57544,0,0.0855885576769108
PRV55528,0,0.08357050735654899
PRV53230,0,0.10725545099786607
PRV54724,0,0.9415312389787431
PRV53776,1,0.9280185089215148
PRV57286,0,0.08558195595939036
PRV52981,0,0.22098468502000787
PRV51857,1,0.9327874392786563
PRV52715,0,0.08407914807142627
PRV52037,0,0.09272276948344292
PRV55479,0,0.7013634108973907
PRV53553,0,0.1118449356374958
PRV54861,0,0.08785154907151198
PRV53173,0,0.08937800943720474
PRV51887,0,0.08656669783241841
PRV54985,0,0.11826107321942024
PRV51554,0,0.08777473717227231
PRV55244,0,0.08695744477037881
PRV51286,0,0.7595949775371533
PRV52542,0,0.08897592460683391
PRV54768,0,0.30568610429913434
PRV54434,0,0.22514008103105676
PRV54805,0,0.08513305932792639
PRV55007,0,0.08466677843000028
PRV54347,0,0.08610596865013163
PRV57590,0,0.15808045661388068
PRV51705,0,0.08420164306275196
PRV53096,0,0.11484883979197968
PRV53602,0,0.09741329486113579
PRV57275,0,0.09996743729189542
PRV56182,0,0.09558277473144748
PRV57212,0,0.09420054199162783
PRV53993,0,0.16876875706672032
PRV53035,0,0.08860453891246388
PRV56555,0,0.9245459539366553
PRV54609,0,0.09883205786615251
PRV56946,0,0.08781116973278441
PRV53913,0,0.08954080775009587
PRV55237,0,0.591168009167997
PRV54479,0,0.08960570700174855
PRV52999,0,0.6318939917230411
PRV51348,0,0.47293983880845475
PRV54713,0,0.08826912649188064
PRV51279,0,0.13887087157972697
PRV55446,0,0.08988972339396803
PRV51739,0,0.09807647460956524
PRV52704,0,0.16754951337985968
PRV57080,0,0.13076534184992206
PRV53768,0,0.13906259796780152
PRV52572,0,0.08592133522748291
PRV56948,0,0.08425880248793417
PRV53157,0,0.08512451291612387
PRV51136,0,0.08608308110271518
PRV53461,1,0.9296732959356735
PRV52441,0,0.11158691600730876
PRV51675,0,0.08909547850536806
PRV51837,0,0.8193509493380661
PRV52463,0,0.08595384293699193
PRV57486,0,0.09073515782405756
PRV55957,1,0.8718119095786487
PRV53429,0,0.10475847846117692
PRV55129,0,0.08669162370413314
PRV55697,0,0.10291574085850712
PRV56933,0,0.08466248565004084
PRV54235,0,0.08499734543494114
PRV56507,0,0.9184243139371637
PRV55662,0,0.8505557993423257
PRV52892,0,0.6841544759541024
PRV53644,0,0.09631575581686463
PRV51755,0,0.08542189692837507
PRV54550,0,0.0911006681327425
PRV52628,1,0.9492446416180084
PRV51304,0,0.15552334104532625
PRV55382,0,0.9139307555255141
PRV57129,0,0.9188500472891453
PRV57598,0,0.08555815257358616
PRV57346,0,0.16988067555201525
PRV52058,0,0.10243570556348029
PRV52399,0,0.2296192517545949
PRV52318,0,0.09656230264698132
PRV56159,0,0.11035639383418405
PRV55929,0,0.14667673373280996
PRV53706,1,0.9549208942917645
PRV55956,0,0.5364959250227674
PRV54576,0,0.5397628116882796
PRV54524,0,0.08723978457635238
PRV52485,0,0.10306614741522095
PRV51499,0,0.3766228199756139
PRV54293,0,0.08461432093626962
PRV52943,0,0.10459204653818645
PRV53652,0,0.08721457895962528
PRV53453,0,0.10716347772372627
PRV51262,0,0.08883311623302137
PRV56098,0,0.09150830076933274
PRV54653,0,0.9344971252851642
PRV57596,0,0.11105128155051969
PRV53842,0,0.08463592231346834
PRV53403,0,0.09904962536265756
PRV52523,0,0.08737882369580123
PRV54837,1,0.9277552738386704
PRV54153,0,0.5382793577744104
PRV55538,0,0.08785360551957785
PRV51383,0,0.37588202316316527
PRV53917,0,0.7161849155142548
PRV53475,0,0.08551828825471307
PRV52020,1,0.9526515346932268
PRV52384,0,0.08850505073637153
PRV57701,0,0.08491395837798313
PRV51638,0,0.08729995650581637
PRV56888,0,0.08575880864765971
PRV52589,1,0.9394071758020787
PRV56379,0,0.09354410260308023
PRV55661,0,0.9061241444292503
PRV55108,0,0.12215512916773512
PRV51492,0,0.5288361269089665
PRV55150,0,0.08962038653097995
PRV52963,0,0.09127633417362066
PRV53536,0,0.09266964667180361
PRV54257,0,0.2934546310021671
PRV57639,0,0.0865478629175426
PRV52954,0,0.0854166887788426
PRV55441,0,0.6122185126547908
PRV54925,1,0.9443062025653948
PRV54091,0,0.10864125119678424
PRV54202,0,0.3987188587413205
PRV52820,0,0.08852812236188413
PRV53887,1,0.459068490753263
PRV52649,1,0.9484871601396907
PRV56174,0,0.08537590272096524
PRV52314,0,0.9345789952164213
PRV51647,0,0.2753287405252162
PRV56117,0,0.08754710808520685
PRV51865,0,0.0853489690187042
PRV55218,0,0.09149805031976893
PRV51590,1,0.9423890893752374
PRV56447,1,0.12672472932297665
PRV52051,0,0.08823206997647491
PRV53696,0,0.0854518220864346
PRV53265,1,0.9190630655952458
PRV54029,0,0.08446662475314774
PRV52574,1,0.9544251324539511
PRV57287,0,0.2946733331800781
PRV52777,0,0.08461662139836544
PRV51465,0,0.08547771582779617
PRV53923,1,0.9000366564698025
PRV52567,0,0.10950866281865816
PRV54363,0,0.7566278927031818
PRV51458,0,0.08748998714982602
PRV57134,0,0.08613336926451721
PRV52604,0,0.08568679378918244
PRV52167,0,0.5698876505852362
PRV53540,0,0.08475018621302816
PRV56826,0,0.09972727715974006
PRV53347,0,0.08423550126384637
PRV55794,0,0.08466832344439894
PRV56651,0,0.09310712354929916
PRV55707,0,0.5441199926563175
PRV53037,0,0.08480708374914014
PRV53957,0,0.08578529113447848
PRV52436,0,0.09139408739483522
PRV51120,0,0.21772099015885116
PRV51657,0,0.0851267980644744
PRV54288,0,0.08582425880868985
PRV56442,1,0.9550073173744936
PRV54715,0,0.08979537242387267
PRV56654,0,0.09475858658400842
PRV53289,0,0.13560818519362658
PRV51593,1,0.5970106356112489
PRV55499,0,0.08600317413768205
PRV55863,0,0.08414808329133612
PRV57278,0,0.08740654816561547
PRV57382,0,0.4363449422746811
PRV55149,0,0.7806384674953243
PRV56099,0,0.08532603981835986
PRV51894,0,0.08708573943346662
PRV52304,0,0.13787986308880001
PRV52274,0,0.09732219110306735
PRV57334,0,0.9285927812345413
PRV53915,0,0.17881898653655817
PRV53218,0,0.09420648649742153
PRV53582,0,0.10418905242127449
PRV57403,0,0.8801413363263557
PRV54949,0,0.9281245095693438
PRV51350,0,0.6801638135989609
PRV56233,0,0.10823676098667102
PRV51260,0,0.23215240923606903
PRV51654,0,0.09332502146842601
PRV57609,0,0.0856681190509587
PRV57328,0,0.08586270575875969
PRV57385,0,0.09579990814950094
PRV56896,0,0.4735757350951308
PRV51356,0,0.7870602041974682
PRV53031,0,0.08555412329748326
PRV52200,0,0.08471503248449914
PRV52695,0,0.08397994568625816
PRV53189,0,0.20122125189663764
PRV53590,0,0.40172326404656267
PRV53007,1,0.9375915751356512
PRV52544,0,0.10863736310785688
PRV54024,0,0.09233598341048987
PRV52948,0,0.10859005101655926
PRV54792,0,0.08733973136442477
PRV51434,1,0.9022384418638189
PRV56271,0,0.11139133823387884
PRV55835,1,0.6424791874319821
PRV55464,0,0.08614205293800266
PRV56480,0,0.08931160253399786
PRV51252,0,0.5706116173849194
PRV52238,0,0.08618177289061488
PRV51043,0,0.09026768306391421
PRV57532,0,0.3274470217234288
PRV57555,0,0.9183647887161881
PRV53983,0,0.08896623728511664
PRV55072,0,0.09686997575997314
PRV55678,0,0.8627641075943154
PRV52980,0,0.706684606026116
PRV53407,0,0.47552444472622807
PRV55567,0,0.7951141621638114
PRV56445,0,0.7463127937226239
PRV55552,0,0.9495692938025211
PRV52378,0,0.15414735446598846
PRV56966,0,0.08455061052804057
PRV51977,0,0.08780355332387418
PRV53100,0,0.25369510950337226
PRV54463,0,0.08418025872332098
PRV56299,0,0.08430002116871425
PRV55720,0,0.12169889933201301
PRV51968,0,0.08499681800011509
PRV52288,0,0.08786986602874297
PRV56592,1,0.9487932430425479
PRV51137,0,0.09457401239471187
PRV52932,0,0.08909071491948306
PRV57211,0,0.135687228671512
PRV52568,0,0.09963511408745972
PRV56689,1,0.946305299177894
PRV53726,0,0.08905324246725244
PRV53178,0,0.09036255970383435
PRV52671,0,0.08515025872193935
PRV51621,0,0.0847392510099843
PRV57718,0,0.19910919073476796
PRV57262,0,0.0942221667666898
PRV53172,0,0.08423497809610672
PRV55724,0,0.08858771668831289
PRV53749,1,0.9281074830348808
PRV52147,1,0.9123643601507675
PRV57335,1,0.8618744082388897
PRV53964,0,0.10759990304179917
PRV55879,0,0.0842228854456063
PRV56502,0,0.08565394973331475
PRV53351,0,0.10295638774883265
PRV57024,0,0.7653828332178501
PRV55168,0,0.10845123041453607
PRV52220,0,0.08520646417899415
PRV55239,0,0.09865432860651475
PRV55463,0,0.12183414502505249
PRV54117,0,0.08542534865646646
PRV51008,0,0.14741054037192536
PRV54172,0,0.0841578176785303
PRV57173,1,0.9547101062434643
PRV55711,0,0.08446644249701511
PRV56193,0,0.08846237097233865
PRV57230,1,0.9174531240426878
PRV53120,0,0.7124048823790063
PRV52231,0,0.08828065060873905
PRV56733,0,0.8507117588793716
PRV55474,0,0.09148968535441108
PRV54336,1,0.8448032336306764
PRV51688,0,0.09133692522368538
PRV51748,0,0.08714284826796254
PRV55011,0,0.0873179632164469
PRV55324,0,0.08873656117788786
PRV52212,0,0.09066105165253915
PRV57576,0,0.08817310729251181
PRV54437,0,0.0853084485489966
PRV53790,1,0.9203403038201011
PRV54344,0,0.09088624757282068
PRV54071,0,0.8869864464048286
PRV55022,1,0.9535107540211208
PRV54130,0,0.11158250214080784
PRV55061,0,0.0896949325560284
PRV56598,0,0.12019488938960589
PRV54342,0,0.14168658858237343
PRV51225,0,0.08422296905502663
PRV55510,0,0.5294904308602705
PRV51574,1,0.9555315365095872
PRV57658,0,0.09497093310466254
PRV57699,0,0.1072211200097498
PRV56807,0,0.09765949320406929
PRV51507,1,0.8654167677928083
PRV52056,0,0.12697876239553768
PRV53045,0,0.30526597883127365
PRV54158,0,0.08469954228461374
